EJER;CCAA;PROV;SEXO;MODELO;M190_P1;M190_P2;M190_P3
2024;8;2;2;190;41517;592661435,1900000;38190,0000000
2024;8;2;1;190;48382;858506998,7700000;44151,0000000
2024;10;3;1;190;188987;3381366198,7300000;172961,0000000
2024;10;3;2;190;193811;2708262990,0900000;178428,0000000
2024;1;4;2;190;66843;916854858,4000000;61612,0000000
2024;1;4;1;190;65572;1138756734,6000000;60053,0000000
2024;7;5;2;190;22078;308957217,3600000;19793,0000000
2024;7;5;1;190;26537;442763688,6100000;23263,0000000
2024;11;6;2;190;82446;1067293870,6700000;71680,0000000
2024;11;6;1;190;89810;1458616875,3400000;81244,0000000
2024;4;7;2;190;120520;1829724407,8100000;109305,0000000
2024;4;7;1;190;112697;2150807998,3000000;100113,0000000
2024;9;8;2;190;800557;12820520749,6000000;687337,0000000
2024;9;8;1;190;709523;14930451195,0100000;598171,0000000
2024;7;9;2;190;51009;803378501,1600000;45339,0000000
2024;7;9;1;190;57674;1230672858,1400000;49522,0000000
2024;11;10;1;190;59452;993629528,4000000;53990,0000000
2024;11;10;2;190;57496;770704269,2600000;50809,0000000
2024;1;11;2;190;130832;1961446194,1700000;121843,0000000
2024;1;11;1;190;152607;3031691536,3900000;138727,0000000
2024;10;12;2;190;75409;1088510191,6500000;68681,0000000
2024;10;12;1;190;74897;1436622649,5200000;68090,0000000
2024;8;13;1;190;67043;1203645740,5600000;61173,0000000
2024;8;13;2;190;54918;774663308,2000000;50663,0000000
2024;1;14;1;190;95704;1720841138,3700000;88625,0000000
2024;1;14;2;190;100889;1431782476,7100000;94452,0000000
2024;12;15;2;190;180169;2585286176,8200000;163378,0000000
2024;12;15;1;190;168617;3219451741,0900000;151202,0000000
2024;8;16;2;190;24520;336166823,2900000;22535,0000000
2024;8;16;1;190;29223;479875281,6100000;26625,0000000
2024;9;17;1;190;94598;1754991390,3100000;79258,0000000
2024;9;17;2;190;101374;1499838158,4300000;85526,0000000
2024;1;18;2;190;114939;1705247015,7100000;105474,0000000
2024;1;18;1;190;110247;2022256892,1200000;100191,0000000
2024;8;19;1;190;30830;625932719,5100000;26758,0000000
2024;8;19;2;190;25122;387559858,1800000;22619,0000000
2024;1;21;2;190;58185;822508592,9400000;54180,0000000
2024;1;21;1;190;60894;1143661332,2200000;56096,0000000
2024;2;22;2;190;30323;464598401,5100000;27133,0000000
2024;2;22;1;190;32161;627491264,7200000;28642,0000000
2024;1;23;1;190;83915;1436135670,8300000;77522,0000000
2024;1;23;2;190;80890;1102424068,9600000;75853,0000000
2024;7;24;1;190;80245;1704501315,2400000;72071,0000000
2024;7;24;2;190;74009;1150336899,4600000;67564,0000000
2024;9;25;1;190;59313;1032513228,7600000;49682,0000000
2024;9;25;2;190;62765;870372538,8000000;52137,0000000
2024;17;26;2;190;41878;636406026,8700000;37078,0000000
2024;17;26;1;190;44266;867670979,1500000;38680,0000000
2024;12;27;2;190;60624;839459802,6200000;55816,0000000
2024;12;27;1;190;56737;970556012,2900000;52178,0000000
2024;13;28;2;190;792189;13956288864,6700000;693751,0000000
2024;13;28;1;190;751944;17198205697,2200000;636329,0000000
2024;1;29;2;190;169712;2487511209,3800000;157708,0000000
2024;1;29;1;190;165798;3131427020,6000000;152161,0000000
2024;14;30;1;190;154774;2890261863,5400000;140569,0000000
2024;14;30;2;190;149624;2146923237,2800000;137467,0000000
2024;12;32;2;190;58591;765035767,2100000;54486,0000000
2024;12;32;1;190;53196;858721328,3500000;49136,0000000
2024;3;33;2;190;164599;2728972952,8200000;148177,0000000
2024;3;33;1;190;179070;4167380302,6900000;152778,0000000
2024;7;34;2;190;24386;371436590,8700000;21881,0000000
2024;7;34;1;190;27790;542003931,0800000;24164,0000000
2024;5;35;2;190;114909;1729610777,2500000;105992,0000000
2024;5;35;1;190;116352;2132973790,6700000;107000,0000000
2024;12;36;2;190;142645;2011973971,3500000;130119,0000000
2024;12;36;1;190;132934;2520976787,4300000;122036,0000000
2024;7;37;2;190;48698;737957141,6800000;43664,0000000
2024;7;37;1;190;52540;964142244,8100000;46514,0000000
2024;5;38;2;190;112047;1604846309,3100000;103513,0000000
2024;5;38;1;190;106530;1826439848,7600000;97247,0000000
2024;6;39;1;190;86580;1826538944,4300000;76455,0000000
2024;6;39;2;190;83702;1313939275,4700000;74955,0000000
2024;7;40;2;190;20284;304484866,7500000;17805,0000000
2024;7;40;1;190;22608;414485269,6100000;19376,0000000
2024;1;41;2;190;229255;3458603654,8300000;213638,0000000
2024;1;41;1;190;225991;4304262182,9100000;206787,0000000
2024;7;42;2;190;13093;206915337,0300000;11652,0000000
2024;7;42;1;190;14101;262489627,6900000;12265,0000000
2024;9;43;2;190;112003;1572303566,3500000;93518,0000000
2024;9;43;1;190;110832;2109746279,0700000;92859,0000000
2024;2;44;1;190;21398;420863279,8500000;18913,0000000
2024;2;44;2;190;18435;269812764,9300000;16557,0000000
2024;8;45;2;190;66265;927309359,2300000;61521,0000000
2024;8;45;1;190;83925;1504965811,5600000;76402,0000000
2024;10;46;2;190;326998;4897334093,9200000;296128,0000000
2024;10;46;1;190;321764;6235072100,5500000;286330,0000000
2024;7;47;2;190;70349;1127286632,4000000;63172,0000000
2024;7;47;1;190;80951;1716564296,9700000;70599,0000000
2024;7;49;1;190;30084;503504218,1300000;26802,0000000
2024;7;49;2;190;26560;371630650,1900000;24113,0000000
2024;2;50;1;190;127908;2905457226,2500000;113903,0000000
2024;2;50;2;190;127121;2103610428,2400000;115092,0000000
2024;77;99;2;190;14071;200789419,1500000;12774,0000000
2024;77;99;1;190;14216;289565143,3600000;12590,0000000
2023;8;2;1;190;47570;806203145,2000000;43517,0000000
2023;8;2;2;190;40634;548635641,9200000;37391,0000000
2023;10;3;1;190;184976;3172661058,5800000;169545,0000000
2023;10;3;2;190;189008;2503097070,6800000;174090,0000000
2023;1;4;2;190;64725;838210281,5500000;59770,0000000
2023;1;4;1;190;63663;1055814559,9000000;58291,0000000
2023;7;5;1;190;26065;416713020,6500000;23040,0000000
2023;7;5;2;190;21685;288183776,5000000;19491,0000000
2023;11;6;1;190;88066;1361539317,1300000;79706,0000000
2023;11;6;2;190;80885;983625473,9900000;70195,0000000
2023;4;7;2;190;117785;1693056824,9300000;106426,0000000
2023;4;7;1;190;110944;2024957947,4100000;98317,0000000
2023;9;8;2;190;789578;12034276270,7600000;677996,0000000
2023;9;8;1;190;702752;14243829802,9100000;592849,0000000
2023;7;9;2;190;50296;749219306,1400000;44688,0000000
2023;7;9;1;190;57010;1164284010,3700000;49059,0000000
2023;11;10;1;190;58496;931616668,7600000;53078,0000000
2023;11;10;2;190;56592;716106456,4000000;49935,0000000
2023;1;11;2;190;128563;1816659590,3100000;119622,0000000
2023;1;11;1;190;151050;2860527604,4600000;137010,0000000
2023;10;12;1;190;73111;1350330804,1400000;66632,0000000
2023;10;12;2;190;73757;1008755068,0700000;67353,0000000
2023;8;13;1;190;65599;1126766715,0300000;60049,0000000
2023;8;13;2;190;53623;717729765,4000000;49569,0000000
2023;1;14;2;190;99111;1327754363,8700000;92688,0000000
2023;1;14;1;190;93894;1611622049,6200000;86904,0000000
2023;12;15;2;190;178052;2417780812,4100000;161282,0000000
2023;12;15;1;190;167661;3058992403,1400000;149842,0000000
2023;8;16;1;190;28833;449291994,7800000;26335,0000000
2023;8;16;2;190;24286;312711958,0700000;22374,0000000
2023;9;17;2;190;99138;1393372458,9700000;83557,0000000
2023;9;17;1;190;92762;1648762051,4000000;77918,0000000
2023;1;18;1;190;107644;1889536948,1400000;98108,0000000
2023;1;18;2;190;111943;1577098463,8500000;103091,0000000
2023;8;19;2;190;24265;356369676,5700000;21923,0000000
2023;8;19;1;190;29807;584468660,9100000;26008,0000000
2023;1;21;2;190;56699;759131802,7500000;52804,0000000
2023;1;21;1;190;59848;1071306630,8200000;55103,0000000
2023;2;22;2;190;30009;433562563,6100000;26818,0000000
2023;2;22;1;190;32044;594878204,1300000;28584,0000000
2023;1;23;1;190;82750;1346977617,0300000;76533,0000000
2023;1;23;2;190;79726;1025856861,1900000;74844,0000000
2023;7;24;2;190;73279;1082420097,7300000;66882,0000000
2023;7;24;1;190;79608;1618440329,5800000;71575,0000000
2023;9;25;2;190;61747;809329345,3100000;51160,0000000
2023;9;25;1;190;58719;978184915,6900000;49071,0000000
2023;17;26;1;190;43411;817368493,4300000;38123,0000000
2023;17;26;2;190;40887;589147597,4000000;36343,0000000
2023;12;27;2;190;60552;790615296,8800000;55748,0000000
2023;12;27;1;190;56762;923289301,5500000;52089,0000000
2023;13;28;2;190;771681;12986861698,7100000;677728,0000000
2023;13;28;1;190;735716;16200479619,6700000;624912,0000000
2023;1;29;2;190;165862;2297784546,4800000;153866,0000000
2023;1;29;1;190;162230;2925267139,3000000;148793,0000000
2023;14;30;1;190;151730;2704187480,6000000;137973,0000000
2023;14;30;2;190;146359;1985255245,5900000;134580,0000000
2023;12;32;1;190;53151;813757045,3500000;49080,0000000
2023;12;32;2;190;58476;720256476,7300000;54277,0000000
2023;3;33;1;190;179989;3998064696,8100000;152252,0000000
2023;3;33;2;190;163601;2568634454,5900000;146644,0000000
2023;7;34;2;190;23950;345769501,5500000;21489,0000000
2023;7;34;1;190;27515;515868965,5300000;23910,0000000
2023;5;35;2;190;111093;1583535738,1000000;102800,0000000
2023;5;35;1;190;112851;1985060754,5600000;104001,0000000
2023;12;36;2;190;140912;1880419998,1300000;128496,0000000
2023;12;36;1;190;131817;2389712691,7800000;120753,0000000
2023;7;37;2;190;47933;688800342,9100000;42954,0000000
2023;7;37;1;190;52061;912129515,9000000;46063,0000000
2023;5;38;2;190;110208;1487262545,7200000;101691,0000000
2023;5;38;1;190;104493;1713586569,7300000;95443,0000000
2023;6;39;2;190;82876;1227593222,9700000;73880,0000000
2023;6;39;1;190;85496;1728460434,6400000;75374,0000000
2023;7;40;2;190;19592;281257171,1400000;17345,0000000
2023;7;40;1;190;22113;389703395,4100000;19137,0000000
2023;1;41;2;190;224816;3204233137,3800000;209371,0000000
2023;1;41;1;190;222443;4051679096,0100000;203423,0000000
2023;7;42;1;190;13919;247342056,7900000;12103,0000000
2023;7;42;2;190;12866;192447706,9100000;11439,0000000
2023;9;43;1;190;108739;1989356448,4100000;91119,0000000
2023;9;43;2;190;108873;1450476745,3000000;90877,0000000
2023;2;44;2;190;18293;253700368,9500000;16366,0000000
2023;2;44;1;190;21253;398017886,5400000;18723,0000000
2023;8;45;1;190;81896;1404611796,6000000;74653,0000000
2023;8;45;2;190;64718;853001604,1500000;60092,0000000
2023;10;46;1;190;314814;5881639969,6200000;281757,0000000
2023;10;46;2;190;320217;4556583595,9900000;291151,0000000
2023;7;47;1;190;79847;1629828986,4900000;69585,0000000
2023;7;47;2;190;68703;1045554416,0700000;61716,0000000
2023;7;49;1;190;29954;476359970,6300000;26750,0000000
2023;7;49;2;190;26290;348292960,0000000;23947,0000000
2023;2;50;2;190;125169;1961539711,0500000;113263,0000000
2023;2;50;1;190;127024;2762082118,1400000;113024,0000000
2023;77;99;2;190;13892;187115530,0300000;12615,0000000
2023;77;99;1;190;13935;270099668,8800000;12297,0000000
2022;8;2;2;190;40381;497076548,2400000;37058,0000000
2022;8;2;1;190;47528;737394542,3000000;43559,0000000
2022;10;3;2;190;187152;2267522490,2100000;171856,0000000
2022;10;3;1;190;184729;2914658818,5100000;169127,0000000
2022;1;4;1;190;63019;962973801,5200000;57744,0000000
2022;1;4;2;190;63746;757589535,5400000;58720,0000000
2022;7;5;2;190;21651;263072095,7400000;19468,0000000
2022;7;5;1;190;26074;383322797,5100000;23079,0000000
2022;11;6;2;190;80448;894154459,3000000;69625,0000000
2022;11;6;1;190;87732;1246336340,7200000;79306,0000000
2022;4;7;1;190;110195;1874490750,4900000;98014,0000000
2022;4;7;2;190;116165;1533254187,3500000;105252,0000000
2022;9;8;1;190;701636;13244160792,7200000;594330,0000000
2022;9;8;2;190;784495;11004280369,3400000;674617,0000000
2022;7;9;2;190;49764;677546743,3000000;44282,0000000
2022;7;9;1;190;56416;1069996779,8800000;48768,0000000
2022;11;10;1;190;58053;855720072,1500000;52805,0000000
2022;11;10;2;190;55996;650842401,7600000;49432,0000000
2022;1;11;2;190;128421;1654858307,6500000;119295,0000000
2022;1;11;1;190;151213;2636673095,5000000;136797,0000000
2022;10;12;1;190;73076;1242219138,2200000;66444,0000000
2022;10;12;2;190;73209;913871662,4200000;66734,0000000
2022;8;13;1;190;65416;1033861505,8500000;59861,0000000
2022;8;13;2;190;53137;651840645,6500000;49068,0000000
2022;1;14;2;190;98860;1210664092,5900000;92288,0000000
2022;1;14;1;190;93572;1475528897,0800000;86651,0000000
2022;12;15;2;190;178107;2208078287,0800000;160898,0000000
2022;12;15;1;190;168890;2840341499,8000000;150436,0000000
2022;8;16;1;190;28933;414402366,1600000;26451,0000000
2022;8;16;2;190;24126;284270557,0000000;22233,0000000
2022;9;17;2;190;97384;1256307807,5100000;82378,0000000
2022;9;17;1;190;91480;1514049234,5800000;77117,0000000
2022;1;18;2;190;111347;1436101606,1400000;102292,0000000
2022;1;18;1;190;106642;1724053050,1100000;97078,0000000
2022;8;19;2;190;23784;319719555,9200000;21457,0000000
2022;8;19;1;190;29421;531783996,3500000;25689,0000000
2022;1;21;2;190;56284;687754134,2700000;52249,0000000
2022;1;21;1;190;59771;988962296,7800000;54961,0000000
2022;2;22;2;190;30020;394563755,7300000;26740,0000000
2022;2;22;1;190;32184;548205891,5400000;28745,0000000
2022;1;23;2;190;79244;936637882,5600000;74377,0000000
2022;1;23;1;190;82410;1235051177,4000000;76235,0000000
2022;7;24;1;190;80325;1502490055,0400000;72135,0000000
2022;7;24;2;190;73766;995958006,9000000;67254,0000000
2022;9;25;2;190;61396;736843347,4500000;50839,0000000
2022;9;25;1;190;58172;899513296,2300000;48910,0000000
2022;17;26;2;190;40350;532929182,8500000;35870,0000000
2022;17;26;1;190;43063;746293929,9200000;37886,0000000
2022;12;27;2;190;61200;729316284,5900000;56315,0000000
2022;12;27;1;190;57331;859247139,4700000;52561,0000000
2022;13;28;2;190;762045;11814790541,8200000;667823,0000000
2022;13;28;1;190;730192;15007145258,9900000;620198,0000000
2022;1;29;2;190;164575;2085863882,4700000;152272,0000000
2022;1;29;1;190;161860;2676207439,6300000;148475,0000000
2022;14;30;2;190;145583;1807326689,0200000;133596,0000000
2022;14;30;1;190;151187;2478930506,2100000;137739,0000000
2022;12;32;2;190;58851;663990175,6700000;54472,0000000
2022;12;32;1;190;53708;756561211,9100000;49510,0000000
2022;3;33;2;190;164837;2360537590,8100000;147141,0000000
2022;3;33;1;190;182214;3725703279,9800000;153063,0000000
2022;7;34;1;190;27564;476187542,4000000;23903,0000000
2022;7;34;2;190;23760;313991100,3100000;21327,0000000
2022;5;35;2;190;109145;1425142420,6300000;100776,0000000
2022;5;35;1;190;111596;1815034558,7700000;102601,0000000
2022;12;36;2;190;141080;1716241218,7400000;128232,0000000
2022;12;36;1;190;131707;2201320508,0000000;120603,0000000
2022;7;37;1;190;52229;843535803,0100000;46105,0000000
2022;7;37;2;190;47943;628171539,7700000;42940,0000000
2022;5;38;1;190;103879;1580459780,6100000;94783,0000000
2022;5;38;2;190;109394;1353625490,9200000;100660,0000000
2022;6;39;1;190;85390;1604946092,0200000;75132,0000000
2022;6;39;2;190;82567;1120000770,5600000;73440,0000000
2022;7;40;1;190;21763;355708861,4300000;18889,0000000
2022;7;40;2;190;19338;253512565,2800000;17132,0000000
2022;1;41;1;190;221129;3722231997,5200000;202378,0000000
2022;1;41;2;190;223159;2917234805,5800000;207607,0000000
2022;7;42;1;190;13983;227572008,2900000;12139,0000000
2022;7;42;2;190;12887;174711630,0600000;11444,0000000
2022;9;43;2;190;107254;1313149327,3300000;89550,0000000
2022;9;43;1;190;107182;1831305377,8000000;90326,0000000
2022;2;44;1;190;21380;370102038,7300000;18855,0000000
2022;2;44;2;190;18274;231627754,2700000;16386,0000000
2022;8;45;2;190;63692;771863770,9300000;58947,0000000
2022;8;45;1;190;81205;1288620807,7600000;73892,0000000
2022;10;46;1;190;315462;5430845185,1400000;281752,0000000
2022;10;46;2;190;319483;4149399258,6400000;289493,0000000
2022;7;47;1;190;80114;1506934104,8200000;69678,0000000
2022;7;47;2;190;68002;949595563,0300000;61012,0000000
2022;7;49;1;190;30299;444996618,8000000;27019,0000000
2022;7;49;2;190;26624;321201060,6200000;24180,0000000
2022;2;50;2;190;124221;1781752084,0500000;112582,0000000
2022;2;50;1;190;126999;2548154292,7400000;113250,0000000
2022;77;99;2;190;13946;171441691,5400000;12642,0000000
2022;77;99;1;190;13915;249017102,0100000;12331,0000000
2021;10;3;2;190;186413;2086269653,0900000;170955,0000000
2021;10;3;1;190;186490;2731696017,8400000;170733,0000000
2021;1;4;1;190;63413;897080338,5700000;58101,0000000
2021;1;4;2;190;63272;693722074,9300000;58298,0000000
2021;7;5;1;190;26766;365254077,2700000;23421,0000000
2021;7;5;2;190;21702;244170317,2900000;19397,0000000
2021;11;6;2;190;81113;825595984,0400000;69881,0000100
2021;11;6;1;190;89284;1163848368,4000000;80682,0000000
2021;4;7;2;190;113760;1400255660,1000000;102718,0000000
2021;4;7;1;190;109338;1745034685,1400000;96922,0000000
2021;9;8;1;190;696878;12409438663,8800000;591805,0000000
2021;9;8;2;190;774048;10121535298,5000000;665669,0000100
2021;7;9;1;190;56239;1001245614,8900000;48556,0000000
2021;7;9;2;190;49065;625853599,3600000;43635,0000000
2021;11;10;1;190;58216;800027078,8700000;52894,0000000
2021;11;10;2;190;55526;596573948,0700000;48834,0000000
2021;1;11;1;190;151303;2467350937,2900000;136679,0000000
2021;1;11;2;190;127149;1523296743,3500000;118015,0000000
2021;10;12;1;190;73296;1159598985,0900000;66358,0000000
2021;10;12;2;190;72563;841488742,3000000;65842,0000000
2021;8;13;1;190;66006;968961898,5400000;60258,0000000
2021;8;13;2;190;52647;601294133,5200000;48489,0000000
2021;1;14;1;190;93971;1380218472,9100000;86961,9999900
2021;1;14;2;190;97730;1114118798,9200000;91347,0000000
2021;12;15;1;190;168960;2650668975,5900000;149813,0000000
2021;12;15;2;190;175961;2034578973,7300000;158697,0000000
2021;8;16;1;190;29420;392439742,8400000;26870,0000000
2021;8;16;2;190;24127;264099364,3500000;22203,0000000
2021;9;17;1;190;90183;1403853199,3800000;76014,0000000
2021;9;17;2;190;95566;1148922095,6200000;80671,0000000
2021;1;18;1;190;106542;1599982926,7400000;96849,0000000
2021;1;18;2;190;110500;1320678193,1500000;101255,0000000
2021;8;19;1;190;29532;494226188,1500000;25839,0000000
2021;8;19;2;190;23491;293636189,1000000;21187,0000000
2021;1;21;1;190;60174;925726314,5400000;55167,0000000
2021;1;21;2;190;55934;629178060,7900000;51968,0000000
2021;2;22;1;190;32515;518423214,0700000;28921,0000000
2021;2;22;2;190;29802;363820929,4300000;26547,0000000
2021;1;23;1;190;83402;1153594932,6200000;77066,0000000
2021;1;23;2;190;78987;863145476,3100000;74093,0000000
2021;7;24;1;190;81319;1417353510,3300000;72815,0000000
2021;7;24;2;190;73962;932058785,5600000;67303,0000000
2021;9;25;2;190;60837;677246315,2300000;50197,0000000
2021;9;25;1;190;58078;839387172,8000000;48707,0000000
2021;17;26;1;190;43320;697447772,1300000;37845,0000000
2021;17;26;2;190;40123;490161598,8500000;35390,0000000
2021;12;27;1;190;57758;805934784,1300000;52836,0000000
2021;12;27;2;190;61492;684434942,2300000;56567,0000000
2021;13;28;1;190;728066;14086527239,2400000;615896,0000000
2021;13;28;2;190;749828;10832869400,6300000;653750,9999900
2021;1;29;1;190;161550;2500879049,6900000;147722,0000000
2021;1;29;2;190;161999;1914193334,6100000;149788,0000000
2021;14;30;1;190;150936;2308850709,8900000;137053,0000000
2021;14;30;2;190;143655;1657646121,3300000;132009,0000000
2021;12;32;1;190;54225;710806688,0200000;49815,0000000
2021;12;32;2;190;58691;618308710,2200000;54257,0000000
2021;3;33;1;190;184038;3520790404,3500000;153520,0000000
2021;3;33;2;190;164559;2196326864,0800000;146313,0000000
2021;7;34;1;190;28011;445771648,6500000;24148,0000000
2021;7;34;2;190;23562;288829742,7000000;21110,0000000
2021;5;35;1;190;110292;1681917345,7900000;100917,0000000
2021;5;35;2;190;106143;1287160469,3900000;97875,0000000
2021;12;36;1;190;132293;2068188773,0500000;120758,9999900
2021;12;36;2;190;139811;1587382342,1800000;127022,0000000
2021;7;37;2;190;47464;580701378,2100000;42343,0000000
2021;7;37;1;190;52547;795251139,0800000;46229,0000000
2021;5;38;1;190;102566;1466087520,2700000;93382,0000000
2021;5;38;2;190;106714;1233284170,4200000;98181,0000000
2021;6;39;2;190;81898;1033352630,7500000;72471,0000000
2021;6;39;1;190;84921;1501330656,3000000;74425,0000000
2021;7;40;2;190;19430;233032030,5700000;17116,9999900
2021;7;40;1;190;22409;337837012,7200000;19161,0000000
2021;1;41;2;190;219881;2661684398,6700000;204668,0000000
2021;1;41;1;190;220668;3469373119,8100000;201820,0000000
2021;7;42;1;190;14167;213743812,4900000;12268,0000000
2021;7;42;2;190;12864;160257728,4700000;11389,0000000
2021;9;43;2;190;105516;1200707671,3500000;87931,0000000
2021;9;43;1;190;105987;1704255600,4600000;89514,0000000
2021;2;44;2;190;18292;216010992,6600000;16397,0000000
2021;2;44;1;190;21753;351543438,9100000;19038,0000000
2021;8;45;1;190;80847;1186534566,5600000;73478,0000000
2021;8;45;2;190;62256;695983131,0300000;57633,0000000
2021;10;46;1;190;317531;5089047549,9000000;282844,0000000
2021;10;46;2;190;316815;3814467625,3000000;286662,0000000
2021;7;47;1;190;79407;1396047061,3900000;68753,0000000
2021;7;47;2;190;66026;856280569,2800000;59022,0000000
2021;7;49;1;190;30627;419370512,0700000;27330,0000000
2021;7;49;2;190;26485;299083389,3200000;24019,0000000
2021;2;50;1;190;126757;2375729625,3800000;112763,0000000
2021;2;50;2;190;122662;1635859021,4700000;110871,0000000
2021;77;99;1;190;13447;226287684,9300000;11843,0000000
2021;77;99;2;190;13693;155866069,1000000;12413,0000000
2021;8;2;1;190;47861;690963355,6800000;43774,0000000
2021;8;2;2;190;40067;458884526,5300000;36772,0000000
2020;8;2;2;190;39890;441140366,6100000;36690,0000000
2020;8;2;1;190;48112;686686791,5200000;44194,0000000
2020;77;99;2;190;13629;153326786,4700000;12413,0000000
2020;77;99;1;190;13358;230639735,4400000;11869,0000000
2020;2;50;2;190;122453;1582040782,3500000;110847,0000000
2020;2;50;1;190;127693;2373133985,0200000;113522,0000000
2020;7;49;2;190;26784;290819005,6300000;24403,0000000
2020;7;49;1;190;31163;420946739,2200000;27798,0000000
2020;7;47;2;190;65202;817378386,6200000;58471,0000000
2020;7;47;1;190;79522;1397246179,3400000;68893,0000000
2020;10;46;2;190;311629;3667973382,9500000;284235,0000000
2020;10;46;1;190;314712;5045509929,1000000;282058,0000100
2020;8;45;2;190;61794;664387767,8800000;57430,0000000
2020;8;45;1;190;81115;1175528128,6400000;73985,0000000
2020;2;44;2;190;18326;208813349,4100000;16457,0000000
2020;2;44;1;190;21855;347469167,0200000;19246,0000000
2020;9;43;2;190;104137;1149816652,7900000;86848,0000000
2020;9;43;1;190;105181;1667362027,0500000;89094,0000000
2020;7;42;2;190;12891;155308581,8700000;11457,0000000
2020;7;42;1;190;14265;211288615,1900000;12433,0000000
2020;1;41;1;190;219435;3407904979,9900000;200873,0000000
2020;1;41;2;190;216172;2560230477,0400000;201597,0000000
2020;7;40;2;190;19238;224211244,9400000;17194,0000000
2020;7;40;1;190;22157;331645134,7900000;19420,0000000
2020;6;39;2;190;81078;1005615582,5300000;71862,0000000
2020;6;39;1;190;84692;1494087453,1400000;74163,0000000
2020;5;38;2;190;105272;1181382898,6500000;97339,0000000
2020;5;38;1;190;102228;1466452496,8600000;93175,0000000
2020;7;37;2;190;47550;558879933,8300000;42576,0000000
2020;7;37;1;190;53037;790053558,7800000;46962,0000000
2020;12;36;2;190;138596;1529441715,6500000;126249,9999900
2020;12;36;1;190;131814;2042096603,5000000;120357,9999900
2020;5;35;2;190;104744;1234336220,3000000;97069,0000000
2020;5;35;1;190;109925;1674837339,2900000;101171,0000000
2020;7;34;1;190;28053;443802092,5000000;24227,0000000
2020;7;34;2;190;23558;279110127,3500000;21149,0000000
2020;3;33;2;190;164793;2134058997,2700000;146270,0000000
2020;3;33;1;190;189647;3643270894,0200000;157077,0000000
2020;12;32;2;190;58902;604924731,9900000;54618,0000000
2020;12;32;1;190;54613;705102742,3600000;50211,0000000
2020;14;30;2;190;141653;1595202268,4000000;130874,0000000
2020;14;30;1;190;149872;2277237648,0500000;136692,0000000
2020;1;29;2;190;160055;1839153955,0700000;148179,0000000
2020;1;29;1;190;161206;2453586696,4400000;147384,0000000
2020;13;28;2;190;744701;10476196370,6700000;653208,0000000
2020;13;28;1;190;736373;14227634488,9000000;626873,0000000
2020;12;27;2;190;61767;668162816,5200000;56949,0000000
2020;12;27;1;190;57880;793685912,5500000;53140,0000000
2020;17;26;2;190;39586;471302313,2400000;35202,0000000
2020;17;26;1;190;43021;686724128,5700000;37816,0000000
2020;9;25;1;190;57995;826735001,5700000;48908,0000000
2020;9;25;2;190;60681;653135389,6200000;50121,0000000
2020;7;24;2;190;74527;907515209,0800000;67977,0000000
2020;7;24;1;190;82318;1401558904,5800000;73750,0000000
2020;1;23;1;190;82756;1139032552,0900000;76666,0000000
2020;1;23;2;190;78284;837157373,6800000;73578,0000000
2020;2;22;1;190;32740;515920715,0000000;29097,0000000
2020;2;22;2;190;29777;352148838,8100000;26594,0000000
2020;1;21;1;190;59450;906982670,9100000;54391,0000000
2020;1;21;2;190;54546;603407150,7800000;50786,0000000
2020;8;19;2;190;23093;277752291,2800000;20915,0000000
2020;8;19;1;190;29547;484907545,0900000;25902,0000000
2020;1;18;2;190;109168;1273953888,0400000;100839,0000000
2020;1;18;1;190;106100;1574385614,3300000;97156,0000000
2020;9;17;2;190;94533;1108152503,9600000;80227,0000000
2020;9;17;1;190;89312;1378865688,0300000;75728,0000000
2020;8;16;2;190;24212;254674582,8400000;22348,0000000
2020;8;16;1;190;29811;392262130,0800000;27360,0000000
2020;12;15;2;190;175139;1972301464,8400000;158151,0000000
2020;12;15;1;190;169054;2615434409,1200000;149763,9999900
2020;1;14;2;190;97158;1080155831,7300000;90902,0000100
2020;1;14;1;190;93664;1367895523,4800000;86642,0000000
2020;8;13;2;190;52603;577919401,7800000;48659,0000000
2020;8;13;1;190;66491;963557894,0900000;60990,0000000
2020;10;12;2;190;71140;808633792,9400000;65177,0000000
2020;10;12;1;190;72363;1141205587,5000000;65870,0000000
2020;1;11;1;190;150523;2423314945,5100000;136064,0000000
2020;1;11;2;190;125125;1466306388,7900000;116375,0000000
2020;11;10;2;190;55468;576093918,8600000;48790,0000000
2020;11;10;1;190;58545;797282604,5500000;53274,0000000
2020;7;9;2;190;48805;602309672,1800000;43580,0000000
2020;7;9;1;190;56202;990478785,3900000;48798,0000000
2020;9;8;2;190;774651;9776832091,2700000;666975,0000000
2020;9;8;1;190;703246;12279040809,9800000;599064,0000000
2020;4;7;2;190;111952;1339743192,8800000;101506,0000000
2020;4;7;1;190;109244;1736416182,0600000;97062,0000000
2020;11;6;2;190;80525;796983844,9800000;69156,0000000
2020;11;6;1;190;88503;1155968902,9500000;79960,0000000
2020;7;5;2;190;21499;234847949,6200000;19439,0000000
2020;7;5;1;190;26388;361883863,9000000;23629,0000000
2020;1;4;2;190;62260;666254807,4200000;57402,0000000
2020;1;4;1;190;62660;878670987,8100000;57529,0000000
2020;10;3;2;190;182469;2004438463,8200000;167749,0000000
2020;10;3;1;190;184714;2707132123,7600000;169114,0000000
2019;77;99;2;190;13566;148912558,1500000;12307,0000000
2019;77;99;1;190;13128;216366965,1400000;11608,0000000
2019;2;50;1;190;127292;2316457372,3200000;112771,0000000
2019;2;50;2;190;121478;1529538558,0600000;109557,0000000
2019;7;49;2;190;26738;283480441,1800000;24337,0000000
2019;7;49;1;190;30979;410811819,8900000;27726,0000000
2019;7;47;2;190;63626;785303309,8000000;56916,0000000
2019;7;47;1;190;78198;1356541344,0200000;67713,0000000
2019;10;46;2;190;306267;3529591966,1100000;278266,0000000
2019;10;46;1;190;309744;4876265065,6500000;276575,0000000
2019;8;45;2;190;59511;631461579,3500000;55058,0000000
2019;8;45;1;190;78703;1126724580,2200000;71574,0000000
2019;2;44;2;190;18113;201904601,3500000;16267,0000000
2019;2;44;1;190;21694;337188212,4700000;19048,0000000
2019;9;43;1;190;102629;1603940870,3300000;86695,0000000
2019;9;43;2;190;101520;1092463266,2000000;83871,0000000
2019;7;42;1;190;14019;205581411,1600000;12229,0000000
2019;7;42;2;190;12578;148681991,5500000;11233,0000000
2019;1;41;1;190;214827;3306100795,0900000;195766,0000000
2019;1;41;2;190;212353;2463786848,1900000;197204,0000000
2019;7;40;1;190;21512;322559718,8300000;18824,0000000
2019;7;40;2;190;18475;213867259,5700000;16489,0000000
2019;6;39;1;190;84255;1431087633,1300000;73340,0000000
2019;6;39;2;190;80440;962270472,8000000;70917,0000000
2019;5;38;1;190;99721;1377948284,9700000;90440,0000000
2019;5;38;2;190;102876;1117730981,7400000;94667,0000000
2019;7;37;2;190;46812;541080140,3200000;41903,0000000
2019;7;37;1;190;52552;775825840,2400000;46378,0000000
2019;12;36;2;190;137273;1480522573,7300000;124657,0000000
2019;12;36;1;190;130477;1975926437,9800000;118864,0000000
2019;5;35;2;190;101514;1163221113,0200000;93488,0000000
2019;5;35;1;190;106112;1572137706,1800000;97119,0000000
2019;7;34;1;190;27646;430754011,7500000;23880,0000000
2019;7;34;2;190;23267;271451061,1200000;20867,0000000
2019;3;33;2;190;165004;2083179738,4900000;145376,0000000
2019;3;33;1;190;191921;3594521489,3500000;156247,0000000
2019;12;32;1;190;54858;688180298,9200000;50382,0000000
2019;12;32;2;190;59416;596603767,0200000;54853,0000000
2019;14;30;2;190;139699;1537284043,7100000;128638,0000000
2019;14;30;1;190;147491;2196367703,1900000;133899,0000000
2019;1;29;2;190;155884;1752667349,1800000;143835,0000000
2019;1;29;1;190;156571;2350874612,6400000;142754,0000000
2019;13;28;1;190;721730;13800234837,9600000;610839,0000000
2019;13;28;2;190;729131;10064456242,2000000;635823,0000000
2019;12;27;1;190;57722;775575344,2400000;52893,0000000
2019;12;27;2;190;61630;654445975,5300000;56761,0000000
2019;17;26;1;190;42500;667683563,9900000;37189,0000000
2019;17;26;2;190;38772;454034010,4100000;34410,0000000
2019;9;25;1;190;57290;804404636,7900000;48053,0000000
2019;9;25;2;190;59957;629961626,4300000;49065,0000000
2019;7;24;1;190;81461;1371696480,0300000;73087,0000000
2019;7;24;2;190;73916;883860632,3900000;67329,0000000
2019;1;23;1;190;81460;1102673405,4700000;75284,0000000
2019;1;23;2;190;77268;809601910,8600000;72462,0000000
2019;2;22;2;190;29182;337801863,2500000;25921,0000000
2019;2;22;1;190;32568;501831910,1900000;28826,0000000
2019;1;21;1;190;58438;881306213,2100000;53268,0000000
2019;1;21;2;190;53459;579200188,2500000;49529,0000000
2019;8;19;2;190;22250;263594804,0700000;20011,0000000
2019;8;19;1;190;28415;463406439,1100000;24811,0000000
2019;1;18;1;190;103226;1512923552,2300000;94424,0000000
2019;1;18;2;190;107151;1225046843,4200000;98830,0000000
2019;9;17;2;190;92167;1052115370,1800000;77867,0000000
2019;9;17;1;190;86863;1319795443,2100000;73606,0000000
2019;8;16;2;190;23568;244563617,8200000;21673,0000000
2019;8;16;1;190;29312;380428198,5600000;26912,0000000
2019;12;15;1;190;168328;2551139433,2100000;148599,0000000
2019;12;15;2;190;173916;1911865387,7300000;156613,0000000
2019;1;14;2;190;96318;1044167346,9200000;89811,0000000
2019;1;14;1;190;91801;1312154720,0400000;84758,0000000
2019;8;13;1;190;65534;941473114,9100000;60015,0000000
2019;8;13;2;190;51321;556224080,3100000;47365,0000000
2019;10;12;2;190;70003;774294770,7300000;64011,0000000
2019;10;12;1;190;71293;1100756801,8600000;64697,0000000
2019;1;11;2;190;123827;1415722647,6200000;114564,0000000
2019;1;11;1;190;149141;2351105583,3700000;134117,0000000
2019;11;10;2;190;54445;554167645,5000000;47799,0000000
2019;11;10;1;190;57673;768359836,7100000;52367,0000000
2019;7;9;2;190;48193;580505598,5500000;42995,0000000
2019;7;9;1;190;55639;963542541,4100000;48329,0000000
2019;9;8;1;190;697048;12101597934,4500000;592494,0000000
2019;9;8;2;190;767488;9491243652,9400000;657283,0000000
2019;4;7;2;190;109190;1274384808,5400000;99003,0000000
2019;4;7;1;190;106019;1644845633,0000000;94171,0000000
2019;11;6;1;190;86491;1108044276,4200000;77963,0000000
2019;11;6;2;190;79097;764235023,4200000;67605,0000000
2019;7;5;1;190;25826;347023575,9500000;23026,0000000
2019;7;5;2;190;20868;224055917,8300000;18823,0000000
2019;1;4;2;190;60554;635228150,8800000;55737,0000000
2019;1;4;1;190;60922;840921258,7200000;55628,0000000
2019;10;3;2;190;176992;1909078641,7900000;162237,0000000
2019;10;3;1;190;179288;2591211919,1900000;163538,0000000
2019;8;2;1;190;47595;664724173,5400000;43658,0000000
2019;8;2;2;190;39190;424548222,6900000;35967,0000000
2018;1;4;1;190;62993;815962703,3200000;57479,0000000
2018;1;4;2;190;62079;602387281,3300000;57272,0000000
2018;1;11;1;190;150117;2267786508,0900000;134629,0000000
2018;1;11;2;190;123076;1319171242,9300000;114393,0000000
2018;1;14;1;190;93847;1270616735,8700000;86379,0000000
2018;1;14;2;190;96846;987460585,9500000;90714,0000000
2018;1;18;1;190;106184;1465564785,3900000;96423,0000000
2018;1;18;2;190;108554;1156904065,7600000;100154,0000000
2018;1;21;1;190;59686;856267949,6200000;54348,0000000
2018;1;21;2;190;53888;546094239,0900000;50179,0000000
2018;1;23;1;190;83421;1070011816,0600000;76720,0000000
2018;1;23;2;190;77966;765821607,8300000;73273,0000000
2018;1;29;1;190;159640;2265522691,8000000;145355,0000000
2018;1;29;2;190;156810;1647939350,8300000;145542,0000000
2018;1;41;1;190;218067;3199537506,6700000;198097,0000000
2018;1;41;2;190;212782;2304959407,4300000;198351,0000000
2018;2;22;1;190;33588;487673059,7600000;29659,0000000
2018;2;22;2;190;29487;317090782,9100000;26372,0000000
2018;2;44;1;190;22502;330784510,2200000;19681,0000000
2018;2;44;2;190;18513;191326012,3500000;16697,0000000
2018;2;50;1;190;130085;2268188695,3200000;115143,0000000
2018;2;50;2;190;121729;1435421406,2700000;110647,0000000
2018;3;33;1;190;200054;3552925819,8400000;161059,0000000
2018;3;33;2;190;168289;1972673393,5700000;148860,0000000
2018;4;7;1;190;107901;1601983207,8000000;95830,0000000
2018;4;7;2;190;109178;1206548222,1200000;99448,0000000
2018;5;35;1;190;106776;1510525970,5500000;97467,0000000
2018;5;35;2;190;100534;1078221488,4200000;92998,0000000
2018;5;38;1;190;99900;1321588225,5900000;90567,0000000
2018;5;38;2;190;101864;1039646455,3500000;94181,0000000
2018;6;39;1;190;86950;1409209861,8400000;75496,0000000
2018;6;39;2;190;82031;919061276,3800000;72729,0000000
2018;7;5;1;190;26474;337287942,2300000;23551,0000000
2018;7;5;2;190;20930;211757994,5100000;18998,0000000
2018;7;9;1;190;56820;938735555,4600000;49542,0000000
2018;7;9;2;190;48804;552734769,1700000;43989,0000000
2018;7;24;1;190;83957;1345713760,1900000;75078,0000000
2018;7;24;2;190;75299;842785952,0500000;68850,0000000
2018;7;34;1;190;28280;418946895,3100000;24487,0000000
2018;7;34;2;190;23412;256565205,7200000;21127,0000000
2018;7;37;1;190;53345;751335333,8500000;47230,0000000
2018;7;37;2;190;46804;511716024,1900000;42223,0000000
2018;7;40;1;190;22173;315811192,3100000;19463,0000000
2018;7;40;2;190;18544;201995329,9300000;16572,0000000
2018;7;42;1;190;14354;199538044,2600000;12551,0000000
2018;7;42;2;190;12653;139944035,2700000;11317,0000000
2018;7;47;1;190;79403;1319929897,9600000;68740,0000000
2018;7;47;2;190;63476;735987388,4600000;57249,0000000
2018;7;49;1;190;32165;404829978,1400000;28750,0000000
2018;7;49;2;190;27150;272699318,5700000;24848,0000000
2018;8;2;1;190;48917;650936630,3000000;44762,0000000
2018;8;2;2;190;39505;401114407,9800000;36375,0000000
2018;8;13;1;190;67170;915432383,3800000;61416,0000000
2018;8;13;2;190;52051;527779346,9000000;48155,0000000
2018;8;16;1;190;30373;375844471,1500000;27879,0000000
2018;8;16;2;190;23841;233415507,0500000;21958,0000000
2018;8;19;1;190;28648;446208815,4900000;25003,0000000
2018;8;19;2;190;21990;245489862,0200000;19905,0000000
2018;8;45;1;190;80496;1095853616,6600000;73196,0000000
2018;8;45;2;190;59722;592359765,9700000;55512,0000000
2018;9;8;1;190;707045;11908530944,3400000;604048,0000000
2018;9;8;2;190;771144;9000955457,4400000;663513,0000000
2018;9;17;1;190;87339;1272413643,7500000;74791,0000000
2018;9;17;2;190;91889;993705540,3200000;78248,0000000
2018;9;25;1;190;58548;785514238,5800000;49456,0000000
2018;9;25;2;190;60375;596861193,5600000;49688,0000000
2018;9;43;1;190;103437;1563752590,7500000;87891,0000000
2018;9;43;2;190;101532;1024514684,7700000;84124,0000000
2018;10;3;1;190;183230;2514715384,9500000;166751,0000000
2018;10;3;2;190;178583;1805592935,0500000;164039,0000000
2018;10;12;1;190;72191;1061931342,0700000;65413,0000000
2018;10;12;2;190;70214;729485672,2200000;64330,0000000
2018;10;46;1;190;315281;4728932975,5700000;281249,0000000
2018;10;46;2;190;308061;3322983155,3400000;280974,0000000
2018;11;6;1;190;88795;1073581825,3500000;79931,0000000
2018;11;6;2;190;80279;720992172,3000000;68813,0000000
2018;11;10;1;190;59194;747915725,9000000;53678,0000000
2018;11;10;2;190;55037;525030427,1800000;48517,0000000
2018;12;15;1;190;172704;2484864477,4400000;151874,0000000
2018;12;15;2;190;177351;1812979708,1900000;160424,0000000
2018;12;27;1;190;59743;754934675,6700000;54637,0000000
2018;12;27;2;190;63927;633036827,2300000;59030,0000000
2018;12;32;1;190;56460;675470785,8100000;51592,0000000
2018;12;32;2;190;60652;573379309,8700000;56141,0000000
2018;12;36;1;190;133543;1927925319,5500000;121517,0000000
2018;12;36;2;190;140384;1412009551,1900000;127800,0000000
2018;13;28;1;190;727254;13545156859,5900000;614769,0000000
2018;13;28;2;190;723616;9464597528,2100000;634659,0000000
2018;14;30;1;190;151626;2123869960,0100000;136992,0000000
2018;14;30;2;190;143111;1453852155,0600000;132034,0000000
2018;17;26;1;190;43665;651618187,4000000;38208,0000000
2018;17;26;2;190;39371;432695640,9300000;35132,0000000
2018;77;99;1;190;13118;206921212,1100000;11639,0000000
2018;77;99;2;190;13494;138232190,9600000;12316,0000000
2017;1;4;1;190;62906;768408565,6500000;57761,0000000
2017;1;4;2;190;63699;578870500,7700000;58225,0000000
2017;1;11;1;190;152055;2189883717,4000000;136354,0000000
2017;1;11;2;190;127825;1275116973,6900000;117091,0000000
2017;1;14;1;190;94304;1224729444,2400000;86950,0000000
2017;1;14;2;190;100064;961339361,6700000;92744,0000000
2017;1;18;1;190;105743;1405164375,7500000;96842,0000000
2017;1;18;2;190;111207;1121778481,8100000;101998,0000000
2017;1;21;1;190;60209;829120744,5600000;54871,0000000
2017;1;21;2;190;56107;528462786,0600000;51761,0000000
2017;1;23;1;190;83818;1033031815,0300000;77520,0000000
2017;1;23;2;190;79786;742747361,9000000;74596,0000000
2017;1;29;1;190;161025;2177944948,8100000;147152,0000000
2017;1;29;2;190;162913;1605555037,5100000;148972,0000000
2017;1;41;1;190;220487;3082211505,3300000;201157,0000000
2017;1;41;2;190;221398;2235578320,1500000;204283,0000000
2017;2;22;1;190;33927;471990193,5500000;29928,0000000
2017;2;22;2;190;30181;307211210,4700000;26613,0000000
2017;2;44;1;190;22825;322789624,5500000;19957,0000000
2017;2;44;2;190;18848;186127550,7200000;16744,0000000
2017;2;50;1;190;132629;2197627129,2800000;117490,0000000
2017;2;50;2;190;126212;1394169703,1300000;112292,0000000
2017;3;33;1;190;201659;3469317671,5600000;160473,0000000
2017;3;33;2;190;170749;1896529609,2500000;148380,0000000
2017;4;7;1;190;109389;1542587256,8500000;97616,0000000
2017;4;7;2;190;113540;1169727013,4600000;101871,0000000
2017;5;35;1;190;106279;1433567984,9600000;97439,0000000
2017;5;35;2;190;102032;1030595546,3000000;93758,0000000
2017;5;38;1;190;99843;1258579062,3300000;90807,0000000
2017;5;38;2;190;103821;994959228,5000000;95551,0000000
2017;6;39;1;190;86933;1358748442,7000000;75320,0000000
2017;6;39;2;190;83293;877742529,7600000;72929,0000000
2017;7;5;1;190;26557;327026940,0300000;23639,0000000
2017;7;5;2;190;21467;205834911,3200000;19349,0000000
2017;7;9;1;190;56748;902840156,2900000;49715,0000000
2017;7;9;2;190;49751;532964277,3500000;44363,0000000
2017;7;24;1;190;83151;1292120273,4600000;74427,0000000
2017;7;24;2;190;75982;812406182,4100000;69009,0000000
2017;7;34;1;190;28146;401599922,4700000;24387,0000000
2017;7;34;2;190;23928;247850721,9700000;21273,0000000
2017;7;37;1;190;53358;725593209,3100000;47321,0000000
2017;7;37;2;190;47897;495720393,3600000;42840,0000000
2017;7;40;1;190;22072;304008698,5800000;19506,0000000
2017;7;40;2;190;19036;196075878,7600000;16870,0000000
2017;7;42;1;190;14397;193389027,8900000;12669,0000000
2017;7;42;2;190;12919;135156412,6300000;11420,0000000
2017;7;47;1;190;79792;1265762201,1300000;69227,0000000
2017;7;47;2;190;65364;708124523,1200000;58181,0000000
2017;7;49;1;190;32070;393329943,7500000;28728,0000000
2017;7;49;2;190;27596;265373407,3700000;25040,0000000
2017;8;2;1;190;49233;625813289,8300000;45279,0000000
2017;8;2;2;190;40778;390465789,1600000;37273,0000000
2017;8;13;1;190;67816;883471113,5900000;62235,0000000
2017;8;13;2;190;53432;511715272,6800000;49138,0000000
2017;8;16;1;190;30382;363636225,5400000;27979,0000000
2017;8;16;2;190;24277;226697205,6900000;22247,0000000
2017;8;19;1;190;29222;432250232,0400000;25747,0000000
2017;8;19;2;190;23245;241003456,0400000;20726,0000000
2017;8;45;1;190;81456;1052072519,0600000;74376,0000000
2017;8;45;2;190;62211;580242055,6300000;57389,0000000
2017;9;8;1;190;723406;11481393040,1500000;619946,0000000
2017;9;8;2;190;795483;8706889034,2100000;680375,0000000
2017;9;17;1;190;88231;1222491022,2500000;75926,0000000
2017;9;17;2;190;94069;956238438,1300000;79869,0000000
2017;9;25;1;190;58877;752959665,6700000;49928,0000000
2017;9;25;2;190;61857;574843139,5900000;50430,0000000
2017;9;43;1;190;104406;1489772825,7200000;88910,0000000
2017;9;43;2;190;103694;985214629,5800000;84938,0000000
2017;10;3;1;190;184737;2408977373,0500000;168654,0000000
2017;10;3;2;190;183448;1748222872,4700000;166540,0000000
2017;10;12;1;190;72770;1014500271,4700000;66226,0000000
2017;10;12;2;190;71514;701392180,3700000;64941,0000000
2017;10;46;1;190;318557;4556979768,4600000;284969,0000000
2017;10;46;2;190;315833;3213118210,0300000;284901,0000000
2017;11;6;1;190;88390;1026684047,6200000;79814,0000000
2017;11;6;2;190;83228;702374630,3700000;70496,0000000
2017;11;10;1;190;58995;716702949,3800000;53621,0000000
2017;11;10;2;190;56358;509204456,1500000;49241,0000000
2017;12;15;1;190;173142;2388516156,9300000;152138,0000000
2017;12;15;2;190;179046;1751043559,7100000;160809,0000000
2017;12;27;1;190;59395;723263519,6800000;54317,0000000
2017;12;27;2;190;64082;613691826,7600000;58933,0000000
2017;12;32;1;190;56228;647172877,5700000;51474,0000000
2017;12;32;2;190;61002;557215389,5300000;56308,0000000
2017;12;36;1;190;133266;1853228805,3300000;121350,0000000
2017;12;36;2;190;140689;1356210138,2200000;127178,0000000
2017;13;28;1;190;746007;12944325103,4500000;635029,0000000
2017;13;28;2;190;757596;9187719131,4700000;657965,0000000
2017;14;30;1;190;154480;2042267001,3100000;140246,0000000
2017;14;30;2;190;148110;1418234852,8400000;134600,0000000
2017;17;26;1;190;44006;633591614,7600000;38572,0000000
2017;17;26;2;190;40347;415754801,9700000;35614,0000000
2017;77;99;1;190;13301;198220273,0800000;11847,0000000
2017;77;99;2;190;14176;136565936,1900000;12790,0000000
2016;1;4;1;190;63410;754979506,4400000;58435,9999100
2016;1;4;2;190;64938;570443585,3000000;59356,9999500
2016;1;11;1;190;151182;2128906298,1700000;135461,0005600
2016;1;11;2;190;128194;1232854119,8200000;117237,0001100
2016;1;14;1;190;96103;1208418703,7900000;88674,9998600
2016;1;14;2;190;101796;947447507,0000000;94288,0000300
2016;1;18;1;190;107001;1380447236,4300000;98390,9996700
2016;1;18;2;190;113171;1102894957,5900000;103843,9997500
2016;1;21;1;190;61192;814843874,2200000;55955,9999000
2016;1;21;2;190;57975;521464050,3300000;53621,9999100
2016;1;23;1;190;85463;1024249054,5900000;79242,9998300
2016;1;23;2;190;81008;732700622,8300000;75627,0000100
2016;1;29;1;190;160859;2118879036,3900000;146937,9999000
2016;1;29;2;190;163746;1563603836,5900000;149772,9997500
2016;1;41;1;190;220938;3012502358,3500000;202119,0002000
2016;1;41;2;190;224268;2184834910,8100000;207025,0003100
2016;2;22;1;190;34002;460752819,9100000;30213,9999800
2016;2;22;2;190;30352;299098823,7000000;26795,9997100
2016;2;44;1;190;22997;318912446,0400000;20246,9999200
2016;2;44;2;190;19126;182947777,0900000;16984,0002400
2016;2;50;1;190;133457;2168493445,3500000;118750,0001100
2016;2;50;2;190;126479;1354353640,1800000;112929,0003000
2016;3;33;1;190;206774;3446274852,6400000;163253,0152500
2016;3;33;2;190;173976;1861592246,0400000;150857,0052900
2016;4;7;1;190;108031;1491416997,6800000;96940,9996600
2016;4;7;2;190;111915;1128184806,0700000;101716,0000300
2016;5;35;1;190;105355;1392489964,3800000;96581,9996500
2016;5;35;2;190;101360;990848598,9200000;93290,0002100
2016;5;38;1;190;99102;1234448745,3800000;90287,0001000
2016;5;38;2;190;103006;959061737,8000000;95210,9999200
2016;6;39;1;190;87638;1332398150,3200000;75711,9998500
2016;6;39;2;190;84056;853654383,9600000;73464,9999000
2016;7;5;1;190;26747;321945607,8300000;23839,9999200
2016;7;5;2;190;21581;202338617,0300000;19456,9999500
2016;7;9;1;190;56246;881672933,1600000;49783,0001800
2016;7;9;2;190;50144;522434741,1300000;44844,9999900
2016;7;24;1;190;83814;1272081776,6800000;75355,0000500
2016;7;24;2;190;76922;798974851,1900000;69944,0001700
2016;7;34;1;190;28210;391146622,0200000;24658,0000100
2016;7;34;2;190;23840;240944215,3700000;21314,9999900
2016;7;37;1;190;53767;715721584,9400000;47714,0001500
2016;7;37;2;190;47984;483959021,3600000;43026,9998900
2016;7;40;1;190;22198;298321425,8900000;19654,0002200
2016;7;40;2;190;19043;191540055,1700000;16926,0000100
2016;7;42;1;190;14510;189202420,9000000;12821,0000900
2016;7;42;2;190;13039;132558783,0800000;11553,9998900
2016;7;47;1;190;79974;1242055565,2100000;69546,9999600
2016;7;47;2;190;65376;687892846,1700000;58141,0002400
2016;7;49;1;190;32443;389995426,8500000;29251,9998300
2016;7;49;2;190;27963;261687566,7200000;25380,0000100
2016;8;2;1;190;49804;616717022,6100000;45864,9999900
2016;8;2;2;190;41147;380914623,8900000;37760,9997700
2016;8;13;1;190;68432;871866284,0100000;62868,0000100
2016;8;13;2;190;53575;499675858,8200000;49368,0000000
2016;8;16;1;190;30694;357447253,1200000;28280,9999300
2016;8;16;2;190;24506;221731700,7000000;22426,9999800
2016;8;19;1;190;29335;423143797,7400000;25917,0000300
2016;8;19;2;190;23114;232118553,4400000;20665,9998700
2016;8;45;1;190;81401;1025226930,9500000;74563,9999700
2016;8;45;2;190;62318;564813288,7400000;57467,9999300
2016;9;8;1;190;719714;11273709775,0800000;623949,9991900
2016;9;8;2;190;796467;8443148153,3200000;683825,0002400
2016;9;17;1;190;86967;1180182031,9700000;76106,9998700
2016;9;17;2;190;93401;923741710,9000000;80024,0000000
2016;9;25;1;190;58889;739242665,7000000;50385,9999200
2016;9;25;2;190;62049;560761998,8400000;50715,0000700
2016;9;43;1;190;102693;1447393668,7100000;88476,9998300
2016;9;43;2;190;103029;949568275,5000000;84776,0002400
2016;10;3;1;190;184808;2361449795,4900000;168759,9998000
2016;10;3;2;190;183419;1706055165,8700000;166944,9999500
2016;10;12;1;190;72503;991115975,0900000;66039,9997400
2016;10;12;2;190;71427;684754180,3100000;65041,0001800
2016;10;46;1;190;319850;4475090129,3600000;286508,9997400
2016;10;46;2;190;316348;3123893590,3000000;286645,9994100
2016;11;6;1;190;86321;1011561146,6100000;80163,0000400
2016;11;6;2;190;77684;690239012,0400000;71367,0000400
2016;11;10;1;190;57989;699442719,0000000;53798,0000000
2016;11;10;2;190;54103;500281752,0900000;49800,0000300
2016;12;15;1;190;174708;2345651114,2800000;153466,0001100
2016;12;15;2;190;181158;1712070592,5000000;163035,0000500
2016;12;27;1;190;59904;711429367,6600000;54931,9998500
2016;12;27;2;190;65477;611578179,2800000;60291,0002900
2016;12;32;1;190;56812;641881582,3000000;52107,0002100
2016;12;32;2;190;62095;553888412,7900000;57356,9999900
2016;12;36;1;190;133572;1815804448,2300000;121827,0000900
2016;12;36;2;190;142382;1326735179,7300000;128868,9999200
2016;13;28;1;190;737877;12607761481,4200000;630084,0017500
2016;13;28;2;190;754662;8825563785,4700000;656480,9997300
2016;14;30;1;190;157144;2008567472,5000000;143053,0001400
2016;14;30;2;190;151974;1396217582,0400000;138317,9999500
2016;17;26;1;190;43905;613964264,6800000;38660,0000900
2016;17;26;2;190;40367;400335871,2400000;35642,9998600
2016;77;99;1;190;13402;197245368,0900000;11863,9998900
2016;77;99;2;190;14399;135163659,6200000;13012,9999000
2015;1;4;1;190;62158;724398930,7000000;57408,9997800
2015;1;4;2;190;63590;551243631,8800000;58722,0001200
2015;1;11;1;190;149070;2063015697,1700000;133345,0006200
2015;1;11;2;190;125107;1187034441,9300000;115403,0001500
2015;1;14;1;190;96149;1181425157,6400000;88715,0000100
2015;1;14;2;190;101168;925160877,6200000;94224,9997700
2015;1;18;1;190;106141;1349019220,5400000;97825,0000400
2015;1;18;2;190;111250;1068412671,2000000;103058,0000500
2015;1;21;1;190;60530;792152315,6100000;55334,9999200
2015;1;21;2;190;56846;504132022,1700000;52937,9998400
2015;1;23;1;190;85564;1010569684,9400000;79358,0002300
2015;1;23;2;190;80567;715328114,2300000;75413,0000100
2015;1;29;1;190;158836;2053575469,9200000;145211,0001600
2015;1;29;2;190;159503;1499879953,7400000;147534,9998900
2015;1;41;1;190;218721;2914637379,6500000;200423,0005500
2015;1;41;2;190;220660;2109804127,1000000;205365,9998100
2015;2;22;1;190;34234;453574482,0400000;30414,0000500
2015;2;22;2;190;30164;289510797,8000000;26696,0000900
2015;2;44;1;190;23049;313507723,6000000;20274,0000700
2015;2;44;2;190;19063;178834540,8100000;16990,9997800
2015;2;50;1;190;133001;2122107840,0000000;118375,0000400
2015;2;50;2;190;125030;1316610122,2300000;111928,9998000
2015;3;33;1;190;209948;3420157885,2100000;163973,9999600
2015;3;33;2;190;173344;1814249608,9700000;150961,9963200
2015;4;7;1;190;106180;1439712549,5700000;95718,9999000
2015;4;7;2;190;109703;1078332236,0000000;100513,0003200
2015;5;35;1;190;102705;1334294525,7600000;94268,0002300
2015;5;35;2;190;97850;941204863,5200000;90779,0002400
2015;5;38;1;190;97167;1178877583,1300000;88662,0003400
2015;5;38;2;190;100489;917988567,1900000;93539,0000200
2015;6;39;1;190;85894;1288965867,7200000;74790,9999600
2015;6;39;2;190;82554;820816152,4000000;72774,0002400
2015;7;5;1;190;26722;318188860,5300000;23946,0000000
2015;7;5;2;190;21483;197756718,3700000;19442,0000400
2015;7;9;1;190;55383;850540173,4500000;49233,0001000
2015;7;9;2;190;49006;499443540,4400000;44220,9997300
2015;7;24;1;190;83741;1239438687,1900000;75316,0000200
2015;7;24;2;190;76767;781675019,1100000;70271,9999600
2015;7;34;1;190;28183;378155524,8500000;24635,0001800
2015;7;34;2;190;23549;233944369,2200000;21242,9999900
2015;7;37;1;190;53652;697345675,6700000;47680,9999500
2015;7;37;2;190;47568;467551036,3100000;42839,0000400
2015;7;40;1;190;22188;290442753,8300000;19723,9998900
2015;7;40;2;190;18957;185328465,3600000;16958,9999700
2015;7;42;1;190;14645;185977942,6600000;12942,9999000
2015;7;42;2;190;12890;128195361,3300000;11516,9999200
2015;7;47;1;190;79232;1204353755,8300000;68994,9997700
2015;7;47;2;190;63768;658503730,5000000;57190,9998900
2015;7;49;1;190;32762;387175578,8200000;29518,9999200
2015;7;49;2;190;27855;257695012,0000000;25412,0001000
2015;8;2;1;190;49710;600012620,8600000;45803,0000700
2015;8;2;2;190;40661;369504364,5300000;37405,9999500
2015;8;13;1;190;69057;862439216,0000000;63314,9999500
2015;8;13;2;190;53634;489055932,8100000;49480,0000100
2015;8;16;1;190;30974;352648039,0600000;28478,0000100
2015;8;16;2;190;24213;214825953,3600000;22269,9999800
2015;8;19;1;190;28880;409266599,8700000;25611,0001200
2015;8;19;2;190;22323;220177757,1900000;20267,0001300
2015;8;45;1;190;81021;993898063,0600000;74151,0002700
2015;8;45;2;190;61151;541264936,8600000;56810,0000300
2015;9;8;1;190;710181;10872808896,1700000;619323,0003400
2015;9;8;2;190;789087;8131161808,9700000;678623,0001200
2015;9;17;1;190;85854;1143348433,5100000;75577,9999700
2015;9;17;2;190;92155;889372638,1600000;79348,0004000
2015;9;25;1;190;58336;706447510,4800000;50206,0001200
2015;9;25;2;190;61896;542243238,1100000;50496,0003600
2015;9;43;1;190;101459;1387105869,8000000;87725,9997600
2015;9;43;2;190;101435;912200439,9700000;83713,0003600
2015;10;3;1;190;182797;2290694401,2000000;167499,0000000
2015;10;3;2;190;180804;1651323611,3200000;165507,0002200
2015;10;12;1;190;71778;961666915,8000000;65410,9998400
2015;10;12;2;190;70796;663080813,0400000;64628,9999700
2015;10;46;1;190;317575;4344517731,2300000;284943,0002100
2015;10;46;2;190;312928;3017055125,9700000;284604,0000800
2015;11;6;1;190;85501;986933792,6700000;79335,9999400
2015;11;6;2;190;76342;669621372,1500000;70662,0002400
2015;11;10;1;190;57500;684589361,4800000;53497,0000300
2015;11;10;2;190;53259;484978243,0000000;49241,9999500
2015;12;15;1;190;174571;2285831412,9800000;153088,0002500
2015;12;15;2;190;180143;1662363448,1700000;162518,9996000
2015;12;27;1;190;60237;699764543,3300000;55344,0001700
2015;12;27;2;190;66322;608744339,2400000;61315,0000300
2015;12;32;1;190;56984;626284914,3000000;52328,9999500
2015;12;32;2;190;62170;543450675,3900000;57449,9999200
2015;12;36;1;190;132462;1757119448,0200000;120806,0001000
2015;12;36;2;190;141692;1294658750,9000000;128625,9997300
2015;13;28;1;190;728279;12092714886,2400000;622367,9983600
2015;13;28;2;190;737369;8381752856,9900000;644750,9999600
2015;14;30;1;190;158067;1964472955,9400000;143567,9994800
2015;14;30;2;190;152532;1363233058,5200000;140611,9999700
2015;17;26;1;190;43429;589938787,8800000;38417,9999000
2015;17;26;2;190;39443;382096497,6900000;35108,9998600
2015;77;99;1;190;13074;189002647,7400000;11631,0002200
2015;77;99;2;190;14261;131499264,9000000;12916,0000200
2014;1;4;1;190;62682;695782281,8800000;57693,0000400
2014;1;4;2;190;62318;524697742,6200000;56181,9998800
2014;1;11;1;190;145149;1986821920,3900000;128563,0000500
2014;1;11;2;190;114553;1098933966,2800000;103130,0000200
2014;1;14;1;190;97117;1149918107,8600000;89140,0001600
2014;1;14;2;190;97233;879899274,0300000;89361,9999400
2014;1;18;1;190;106532;1311639211,5400000;97373,9999400
2014;1;18;2;190;108546;1022139576,9300000;98998,9996500
2014;1;21;1;190;60904;771693670,8500000;55374,0000900
2014;1;21;2;190;54462;475381871,0100000;49837,0000000
2014;1;23;1;190;87418;994830539,9400000;80522,9999700
2014;1;23;2;190;77707;681124708,8400000;71736,9999200
2014;1;29;1;190;154898;1969168821,0100000;140833,0000700
2014;1;29;2;190;147274;1391745634,1500000;133285,0002200
2014;1;41;1;190;223804;2845595413,5700000;203566,0004100
2014;1;41;2;190;219948;2012198257,8700000;201235,9997600
2014;2;22;1;190;34440;438949765,4500000;30564,0001700
2014;2;22;2;190;28990;276294354,6500000;25620,9998600
2014;2;44;1;190;23312;305926309,0400000;20536,9998800
2014;2;44;2;190;18523;172618446,5100000;16535,0001100
2014;2;50;1;190;132310;2031043167,2700000;117625,9999800
2014;2;50;2;190;120927;1245274360,1200000;108427,0002600
2014;3;33;1;190;216113;3376107496,1000000;164704,9871700
2014;3;33;2;190;172207;1753752998,5800000;147329,0012100
2014;4;7;1;190;107732;1378344764,7000000;96427,9999600
2014;4;7;2;190;110162;1035434788,9700000;98912,9999900
2014;5;35;1;190;98742;1263214088,2200000;89976,9997400
2014;5;35;2;190;88683;854876568,5100000;80757,9998900
2014;5;38;1;190;89901;1102844685,2200000;81184,9999700
2014;5;38;2;190;83695;800576610,0800000;76101,9999400
2014;6;39;1;190;88621;1257266036,6100000;76688,9998300
2014;6;39;2;190;83146;795759017,1400000;72373,0000000
2014;7;5;1;190;27123;310847987,8200000;24051,0000200
2014;7;5;2;190;20619;188578984,1700000;18362,9999700
2014;7;9;1;190;56202;821283222,5100000;49876,0001100
2014;7;9;2;190;49184;486356387,1700000;43749,0001300
2014;7;24;1;190;84126;1205335171,4400000;75285,9996700
2014;7;24;2;190;75933;762493596,7500000;68555,9998400
2014;7;34;1;190;28392;366052053,7500000;24674,9999700
2014;7;34;2;190;23268;226767887,4000000;20663,0000200
2014;7;37;1;190;53786;679933560,1100000;47640,0002400
2014;7;37;2;190;45162;445464634,5000000;40181,0002500
2014;7;40;1;190;22574;286797950,6100000;20004,0001700
2014;7;40;2;190;18740;179659121,6100000;16571,9999900
2014;7;42;1;190;15046;181924379,3900000;13219,0000900
2014;7;42;2;190;12751;123437862,6100000;11298,0000200
2014;7;47;1;190;79835;1164784007,2200000;68843,9997800
2014;7;47;2;190;61970;626507248,1200000;54648,9999600
2014;7;49;1;190;33122;382021444,5300000;29786,0001400
2014;7;49;2;190;27094;251081442,2400000;24472,9999900
2014;8;2;1;190;49985;583554550,7700000;45854,9999200
2014;8;2;2;190;38441;348390991,7700000;34779,9999700
2014;8;13;1;190;70207;845830369,6900000;64112,9998600
2014;8;13;2;190;51035;463870724,6000000;46417,9998300
2014;8;16;1;190;31464;344769213,0600000;28869,9999600
2014;8;16;2;190;22928;203051858,4100000;20672,0000200
2014;8;19;1;190;29151;390427401,2300000;25846,9998900
2014;8;19;2;190;22256;209921507,4800000;19728,9999300
2014;8;45;1;190;82453;961612949,9200000;75312,0001000
2014;8;45;2;190;59051;511822335,6300000;53751,0000700
2014;9;8;1;190;705240;10527179248,0500000;622326,0005600
2014;9;8;2;190;772998;7785748888,6200000;676666,0001900
2014;9;17;1;190;86350;1105581835,8600000;76641,9999900
2014;9;17;2;190;90978;853733109,8400000;79321,0000400
2014;9;25;1;190;58589;683961341,9800000;50898,0001000
2014;9;25;2;190;61260;521875338,6800000;50654,9999900
2014;9;43;1;190;100365;1332827136,9300000;87733,0002600
2014;9;43;2;190;99118;867126782,8400000;83192,9998600
2014;10;3;1;190;182296;2225694001,0600000;165422,9997900
2014;10;3;2;190;174574;1570452198,5000000;156485,0003300
2014;10;12;1;190;73688;934220150,0500000;66514,0000400
2014;10;12;2;190;70757;642861741,8200000;63773,0000400
2014;10;46;1;190;322322;4199576707,1200000;285811,0000400
2014;10;46;2;190;304631;2871523927,0600000;271005,9999900
2014;11;6;1;190;86834;957664052,1000000;80189,9999500
2014;11;6;2;190;71048;623357655,9400000;64522,0001000
2014;11;10;1;190;57895;668270014,4300000;53543,9998800
2014;11;10;2;190;50814;461738857,2900000;46332,0002800
2014;12;15;1;190;175806;2205378130,4100000;153196,9997600
2014;12;15;2;190;173321;1574838029,7500000;154345,0004000
2014;12;27;1;190;60511;676638252,4100000;55234,0000600
2014;12;27;2;190;65323;592054251,1300000;59800,0003100
2014;12;32;1;190;56478;609926954,0100000;51472,0001100
2014;12;32;2;190;59606;522639161,5200000;54657,0002100
2014;12;36;1;190;132270;1694065839,9100000;120184,0001000
2014;12;36;2;190;135540;1220334988,3500000;121723,9998900
2014;13;28;1;190;721842;11585723689,0600000;614584,9997200
2014;13;28;2;190;722064;7982319082,9900000;620957,0003600
2014;14;30;1;190;160182;1902888869,2800000;144281,0001300
2014;14;30;2;190;149089;1294672100,4100000;133822,9997700
2014;17;26;1;190;44347;569637991,1600000;38996,9999700
2014;17;26;2;190;39829;372366327,9200000;34790,9998200
2014;77;99;1;190;11343;177781747,6900000;9911,0001200
2014;77;99;2;190;10922;113107199,1900000;9627,0000600
2013;1;4;1;190;61596;672482515,4100000;56428,0000400
2013;1;4;2;190;60911;507797977,0000000;55000,0000100
2013;1;11;1;190;144949;1933981218,5500000;127237,0001100
2013;1;11;2;190;113246;1064104225,3700000;101645,0001700
2013;1;14;1;190;96254;1119311580,0400000;88213,9998400
2013;1;14;2;190;95969;859501731,3400000;88283,0000300
2013;1;18;1;190;106091;1279742633,0800000;96962,9997400
2013;1;18;2;190;107198;991932030,4500000;97807,0000900
2013;1;21;1;190;60638;753213718,5000000;54966,9998800
2013;1;21;2;190;53762;464056594,3200000;49093,0001300
2013;1;23;1;190;87171;973935434,1000000;80068,9999800
2013;1;23;2;190;76505;664372813,3700000;70570,0000700
2013;1;29;1;190;153235;1909763079,3700000;138964,0000100
2013;1;29;2;190;145016;1350490613,2200000;131111,9999600
2013;1;41;1;190;217805;2756038747,8800000;196980,9994100
2013;1;41;2;190;209063;1938190988,2500000;190552,9999900
2013;2;22;1;190;34735;432763183,5800000;30610,9999600
2013;2;22;2;190;28969;269916512,7900000;25463,9999900
2013;2;44;1;190;23473;299874269,3000000;20623,0002000
2013;2;44;2;190;18604;170770026,4400000;16526,0001000
2013;2;50;1;190;132517;1974592645,8200000;117211,0001100
2013;2;50;2;190;120046;1210244144,6700000;107105,0001900
2013;3;33;1;190;217199;3334982350,8400000;164971,0005000
2013;3;33;2;190;172775;1717969224,3600000;146859,0005100
2013;4;7;1;190;106432;1333141827,1600000;95032,9996400
2013;4;7;2;190;107991;1000219233,5800000;97017,0000300
2013;5;35;1;190;97181;1217672575,9500000;88131,0000300
2013;5;35;2;190;86408;819079781,1900000;78604,9999200
2013;5;38;1;190;88337;1063726161,4700000;79409,0003800
2013;5;38;2;190;81398;768701960,5900000;73901,0001600
2013;6;39;1;190;88860;1236846597,6300000;76214,0003700
2013;6;39;2;190;82734;776374739,9700000;71470,9998800
2013;7;5;1;190;27403;310031311,1400000;24055,0000300
2013;7;5;2;190;20505;185626956,6000000;18188,9999700
2013;7;9;1;190;56323;804010865,0800000;49440,9998400
2013;7;9;2;190;49328;477348823,3400000;43582,9998700
2013;7;24;1;190;84561;1188329817,8600000;75323,0001100
2013;7;24;2;190;75972;747656250,6500000;68497,9995100
2013;7;34;1;190;28209;358618223,7700000;24396,0000600
2013;7;34;2;190;23174;223465633,3400000;20502,9999800
2013;7;37;1;190;53667;664883812,2500000;47352,9998400
2013;7;37;2;190;44901;434470995,0600000;39818,0000100
2013;7;40;1;190;22553;283618023,4800000;19957,0000700
2013;7;40;2;190;18548;174416138,7100000;16397,0000700
2013;7;42;1;190;15119;180289446,3200000;13249,0001000
2013;7;42;2;190;12698;121380208,8000000;11183,0001300
2013;7;47;1;190;79173;1139495241,4900000;68046,9997900
2013;7;47;2;190;61204;608223365,6500000;53853,0000000
2013;7;49;1;190;33500;381624691,0500000;30101,9999100
2013;7;49;2;190;27204;248951683,9200000;24531,9999300
2013;8;2;1;190;49658;569405522,6000000;45491,9997800
2013;8;2;2;190;38001;337975510,6500000;34330,0000400
2013;8;13;1;190;70348;828744970,5600000;63991,9996300
2013;8;13;2;190;50798;454679472,0400000;46055,9999500
2013;8;16;1;190;31424;339556693,0400000;28787,9999400
2013;8;16;2;190;22594;198387765,1800000;20324,0000400
2013;8;19;1;190;29040;378249096,0800000;25641,9998800
2013;8;19;2;190;21884;202566627,0600000;19325,9999700
2013;8;45;1;190;81774;934112723,5400000;74446,0000800
2013;8;45;2;190;58278;499231751,4400000;52926,0000300
2013;9;8;1;190;706166;10312325975,9200000;617744,0003500
2013;9;8;2;190;775176;7587797091,5300000;671943,9999700
2013;9;17;1;190;85370;1068444303,2700000;75480,9999400
2013;9;17;2;190;90883;829936312,7700000;78670,9997800
2013;9;25;1;190;58712;670166062,2300000;50555,0002100
2013;9;25;2;190;61493;510056979,1100000;50377,0000000
2013;9;43;1;190;100266;1300740075,1500000;86680,0003600
2013;9;43;2;190;99303;842548749,9400000;82256,0000600
2013;10;3;1;190;180737;2169572254,5800000;163670,9999700
2013;10;3;2;190;172620;1530827027,7100000;154817,9997300
2013;10;12;1;190;73070;909440153,8500000;65992,9999700
2013;10;12;2;190;70408;629810415,9800000;63463,0001700
2013;10;46;1;190;319374;4090763707,7800000;282643,0004400
2013;10;46;2;190;301221;2784512449,2400000;268210,0002600
2013;11;6;1;190;85942;932564948,1400000;79047,0001800
2013;11;6;2;190;69836;607007982,7700000;63403,9999800
2013;11;10;1;190;57851;662292438,6800000;53212,9998900
2013;11;10;2;190;50072;450184437,0200000;45716,9998800
2013;12;15;1;190;176358;2153930789,5600000;152342,9998900
2013;12;15;2;190;172308;1536762994,2000000;153124,0003200
2013;12;27;1;190;60675;666450339,6600000;55131,9998300
2013;12;27;2;190;65506;586482178,7500000;59988,9999500
2013;12;32;1;190;56420;595398402,8500000;51363,0002900
2013;12;32;2;190;59339;516652797,4900000;54336,0001300
2013;12;36;1;190;132558;1634849293,5400000;119770,9996600
2013;12;36;2;190;134945;1189635733,6100000;121120,9999900
2013;13;28;1;190;715708;11231033124,4300000;605479,9999500
2013;13;28;2;190;712067;7681070000,0900000;609318,0003500
2013;14;30;1;190;159047;1851844718,8700000;142183,9999400
2013;14;30;2;190;147217;1264636073,2700000;131782,0005300
2013;17;26;1;190;44346;560182517,6700000;38673,0000300
2013;17;26;2;190;39519;364485302,7200000;34423,9998700
2013;77;99;1;190;10925;171917331,9900000;9620,0000900
2013;77;99;2;190;10754;109920295,4700000;9471,0000200
2012;1;4;1;190;61113;644437413,7600000;55948,0001600
2012;1;4;2;190;60881;491057344,6100000;54874,9999500
2012;1;11;1;190;145095;1864053305,9300000;126580,0005000
2012;1;11;2;190;112657;1028182281,7600000;100869,0000700
2012;1;14;1;190;96292;1088674844,7500000;87902,9999700
2012;1;14;2;190;96170;836755085,8400000;88232,0002500
2012;1;18;1;190;106234;1239385926,5100000;96909,9998300
2012;1;18;2;190;107143;964804906,1200000;97669,9997400
2012;1;21;1;190;60476;728795441,9600000;54717,9999900
2012;1;21;2;190;53489;449130193,0300000;48840,9999700
2012;1;23;1;190;87116;937081437,1300000;79904,0000800
2012;1;23;2;190;76267;641804296,1800000;70210,9999400
2012;1;29;1;190;152364;1831608577,1700000;137615,0001800
2012;1;29;2;190;144400;1304523873,3900000;130123,0000800
2012;1;41;1;190;216831;2663343591,5400000;195455,0002000
2012;1;41;2;190;208927;1878616474,4900000;190057,0005600
2012;2;22;1;190;34714;418897451,7500000;30360,0001300
2012;2;22;2;190;28838;261010010,1600000;25229,9998300
2012;2;44;1;190;23618;291162664,9600000;20645,0000900
2012;2;44;2;190;18873;166421831,8900000;16640,0000100
2012;2;50;1;190;132580;1910590256,2200000;116414,0001000
2012;2;50;2;190;119902;1164952084,8800000;106509,0000600
2012;3;33;1;190;224843;3257022704,2400000;165953,0011000
2012;3;33;2;190;174922;1675561908,7900000;147495,9952200
2012;4;7;1;190;105619;1289308866,0600000;93913,0001000
2012;4;7;2;190;107864;967558689,1100000;96673,0001700
2012;5;35;1;190;96417;1159186252,9900000;87164,0005500
2012;5;35;2;190;85818;784546218,9700000;77882,0000300
2012;5;38;1;190;86980;1012655556,7400000;77891,9998800
2012;5;38;2;190;80613;732089285,3300000;73146,0001200
2012;6;39;1;190;87116;1186514805,2200000;73872,9998800
2012;6;39;2;190;81024;744373569,5500000;69299,9999700
2012;7;5;1;190;27437;295210338,9700000;24056,9999900
2012;7;5;2;190;20587;181002751,2400000;18179,0000100
2012;7;9;1;190;56095;763899634,9300000;49287,0002900
2012;7;9;2;190;49413;462522630,2700000;43568,9998700
2012;7;24;1;190;84793;1147664352,7900000;75311,0002000
2012;7;24;2;190;76463;728999613,4000000;68722,9995900
2012;7;34;1;190;28285;346422904,0100000;24310,9998800
2012;7;34;2;190;23446;217872778,0000000;20635,0000200
2012;7;37;1;190;53911;643950502,2400000;47359,9998600
2012;7;37;2;190;45121;421910755,2000000;39855,9999000
2012;7;40;1;190;22698;279181344,8900000;19966,9999100
2012;7;40;2;190;18663;170248202,8500000;16370,9999400
2012;7;42;1;190;15405;174882268,6500000;13398,0000300
2012;7;42;2;190;12858;118883865,2000000;11256,9999100
2012;7;47;1;190;78685;1088415585,6800000;67406,0000500
2012;7;47;2;190;60985;584797104,0400000;53375,0002200
2012;7;49;1;190;33761;371714731,9800000;30299,0000400
2012;7;49;2;190;27512;244663467,8700000;24722,0000100
2012;8;2;1;190;49295;547825524,8000000;45189,0002400
2012;8;2;2;190;37663;325105711,1800000;33992,0000100
2012;8;13;1;190;70284;803960236,4400000;63879,0001900
2012;8;13;2;190;50789;441980718,7900000;45959,9998000
2012;8;16;1;190;31556;331115920,9600000;28880,0000600
2012;8;16;2;190;22736;194326476,7600000;20381,0000700
2012;8;19;1;190;28949;366555393,6500000;25464,0000000
2012;8;19;2;190;21918;194831376,7700000;19251,0000900
2012;8;45;1;190;81492;899735780,1500000;74104,9998600
2012;8;45;2;190;58296;483726472,1600000;52959,9999600
2012;9;8;1;190;710762;10031207950,9200000;615773,0004100
2012;9;8;2;190;784487;7335345625,5300000;672998,0011200
2012;9;17;1;190;85264;1044283626,5100000;74860,0003900
2012;9;17;2;190;91613;802796809,9800000;78659,9998400
2012;9;25;1;190;58892;649053213,6700000;50406,9998300
2012;9;25;2;190;62132;494226358,6000000;50253,9999900
2012;9;43;1;190;99993;1254473914,8100000;85818,0003800
2012;9;43;2;190;100141;815207272,5600000;82106,0001700
2012;10;3;1;190;181246;2089422937,1400000;163341,9995900
2012;10;3;2;190;173377;1482970533,5800000;155178,9997700
2012;10;12;1;190;72677;871409233,2000000;65648,9997300
2012;10;12;2;190;70771;615098970,2600000;63729,9999000
2012;10;46;1;190;318075;3924040005,9900000;281431,0000900
2012;10;46;2;190;302321;2700232600,7600000;268460,0003600
2012;11;6;1;190;85576;897193932,6500000;78631,0000000
2012;11;6;2;190;69721;589502458,4900000;63259,0000300
2012;11;10;1;190;57844;639560419,8200000;53129,9999400
2012;11;10;2;190;49918;437455458,3900000;45450,9999700
2012;12;15;1;190;175750;2071540418,3500000;150910,0002700
2012;12;15;2;190;171973;1488303555,2000000;152745,9997600
2012;12;27;1;190;60741;648634345,2000000;55148,9999100
2012;12;27;2;190;66095;575689314,1200000;60489,0000800
2012;12;32;1;190;56589;577919712,6300000;51454,0000500
2012;12;32;2;190;59798;506770448,0600000;54686,0001000
2012;12;36;1;190;134267;1561399513,8100000;120663,0006000
2012;12;36;2;190;135877;1157043638,3600000;121804,0000700
2012;13;28;1;190;708958;10789546727,5200000;594483,0015600
2012;13;28;2;190;706560;7350228776,8500000;600825,0002900
2012;14;30;1;190;157631;1763611134,0600000;140412,9999700
2012;14;30;2;190;146250;1222316484,8100000;130672,9998200
2012;17;26;1;190;44623;541306658,7400000;38719,9999900
2012;17;26;2;190;39568;351335047,5400000;34296,0002400
2012;77;99;1;190;10993;168498311,1300000;9628,0001000
2012;77;99;2;190;10776;107549980,0700000;9442,0000900
2011;1;4;1;190;60742;620359180,1900000;55766,0001000
2011;1;4;2;190;60643;475507599,0600000;54726,0001100
2011;1;11;1;190;142852;1796758016,6700000;124288,9996100
2011;1;11;2;190;111938;985784374,7000000;100095,0000400
2011;1;14;1;190;96747;1066427918,6900000;88399,0002800
2011;1;14;2;190;96785;816518040,4200000;88781,0000800
2011;1;18;1;190;106588;1210457539,9600000;97247,9999400
2011;1;18;2;190;107059;933901099,8000000;97634,9999700
2011;1;21;1;190;60529;710529142,4400000;54754,0001500
2011;1;21;2;190;53507;434265650,5800000;48916,0001000
2011;1;23;1;190;87196;916830546,4500000;80068,0001200
2011;1;23;2;190;76213;622311836,7900000;69985,9999700
2011;1;29;1;190;151403;1775038208,8500000;136882,0003000
2011;1;29;2;190;143747;1262732816,3700000;129546,9998800
2011;1;41;1;190;216614;2589200262,2100000;195225,0005900
2011;1;41;2;190;209341;1822794808,1500000;190477,9992700
2011;2;22;1;190;34419;404856421,8500000;30167,0000900
2011;2;22;2;190;28608;252241945,4300000;24998,9998700
2011;2;44;1;190;23772;287941906,4500000;20804,0001000
2011;2;44;2;190;18861;162726023,1300000;16683,9996800
2011;2;50;1;190;132380;1851019271,8900000;116269,0001000
2011;2;50;2;190;119560;1124445368,0600000;106023,9998600
2011;3;33;1;190;231867;3204290834,1600000;166740,0012900
2011;3;33;2;190;182014;1634055592,2300000;147834,9945200
2011;4;7;1;190;105636;1251229727,0000000;93993,9999100
2011;4;7;2;190;108368;935853042,5400000;97241,0000000
2011;5;35;1;190;94624;1108241215,4200000;85867,0006300
2011;5;35;2;190;84881;748903198,5600000;77322,0002300
2011;5;38;1;190;86096;970596383,3100000;77310,0001100
2011;5;38;2;190;79611;698016715,1300000;72477,0000600
2011;6;39;1;190;86737;1160268573,7500000;73513,9998200
2011;6;39;2;190;81456;723260102,6200000;69535,9998200
2011;7;5;1;190;27331;291327185,8700000;24095,9999000
2011;7;5;2;190;20624;175747496,3600000;18226,0000100
2011;7;9;1;190;56429;747187747,3900000;49530,9997300
2011;7;9;2;190;49580;448615266,5800000;43701,0000100
2011;7;24;1;190;84736;1127803644,6500000;75257,0001400
2011;7;24;2;190;76934;713713088,4900000;69182,0000100
2011;7;34;1;190;28055;337001950,5700000;24269,0001000
2011;7;34;2;190;23395;212686556,2300000;20634,9999500
2011;7;37;1;190;53731;627423243,9800000;47287,9999200
2011;7;37;2;190;44779;407926347,7100000;39658,9999800
2011;7;40;1;190;22602;264123821,6300000;19980,9999900
2011;7;40;2;190;18513;164257457,5700000;16311,9999200
2011;7;42;1;190;15373;172489063,7400000;13446,0001800
2011;7;42;2;190;12899;115600364,9300000;11308,9999700
2011;7;47;1;190;78376;1055908732,5600000;66934,9997700
2011;7;47;2;190;59931;560653497,7300000;52575,0001800
2011;7;49;1;190;33915;365639248,6600000;30529,0000600
2011;7;49;2;190;27630;238691099,7900000;24833,9999900
2011;8;2;1;190;49526;530248331,3400000;45333,0000000
2011;8;2;2;190;37940;315024830,3000000;34264,0000800
2011;8;13;1;190;70503;787388442,6400000;64090,0001200
2011;8;13;2;190;50690;426856415,3600000;45840,0000700
2011;8;16;1;190;31843;323287977,8000000;29184,0000700
2011;8;16;2;190;22743;188541860,0000000;20451,0000000
2011;8;19;1;190;28730;352203744,9000000;25266,9999400
2011;8;19;2;190;21644;186319658,7500000;19011,0000400
2011;8;45;1;190;81241;865719489,7000000;73992,9997300
2011;8;45;2;190;57816;465900533,5200000;52654,0000900
2011;9;8;1;190;706798;9736213051,9700000;612333,0007600
2011;9;8;2;190;785009;7107260367,0700000;671298,9985400
2011;9;17;1;190;84772;1004912949,6800000;74432,0000400
2011;9;17;2;190;91220;775519605,1300000;78342,9999100
2011;9;25;1;190;59197;634025531,3200000;50504,9999400
2011;9;25;2;190;62643;480587951,8400000;50402,9999500
2011;9;43;1;190;98980;1208997322,7200000;84944,0003100
2011;9;43;2;190;99950;784416147,7700000;81647,0000500
2011;10;3;1;190;181813;2025563393,4900000;163826,0000000
2011;10;3;2;190;173924;1439595912,9500000;155596,9999800
2011;10;12;1;190;72442;840964347,4400000;65573,0001200
2011;10;12;2;190;70950;595544295,3600000;63970,9998600
2011;10;46;1;190;317445;3797713752,8000000;281032,9999200
2011;10;46;2;190;302109;2611334252,7700000;268692,0005200
2011;11;6;1;190;85322;871854963,5700000;78574,9998700
2011;11;6;2;190;69307;570112944,6300000;62824,9996900
2011;11;10;1;190;57898;618697367,9500000;53169,0000200
2011;11;10;2;190;49832;422512879,7100000;45317,9999800
2011;12;15;1;190;176285;2006433727,3900000;150542,9992000
2011;12;15;2;190;172151;1438795133,3300000;152886,9998600
2011;12;27;1;190;61082;632307311,0300000;55477,9998600
2011;12;27;2;190;66947;566924598,3800000;61400,9998800
2011;12;32;1;190;56686;562717890,8600000;51633,9997300
2011;12;32;2;190;60207;497984474,4300000;55176,0001900
2011;12;36;1;190;129975;1503313949,1200000;117262,0002600
2011;12;36;2;190;135887;1120532996,1900000;121869,0001800
2011;13;28;1;190;700369;10469868154,9100000;586750,9999500
2011;13;28;2;190;699170;7060205808,1900000;594047,9988100
2011;14;30;1;190;158185;1712652033,5100000;140418,0003000
2011;14;30;2;190;147712;1192499880,8900000;131517,0000900
2011;17;26;1;190;44548;527184535,1600000;38674,0002700
2011;17;26;2;190;39425;342340104,7300000;34156,0002200
2011;77;99;1;190;10968;165774011,3700000;9599,0000300
2011;77;99;2;190;10813;104992264,6900000;9499,9999600
2010;1;4;1;190;60417;588159556,6300000;55325,0000700
2010;1;4;2;190;60093;451883049,2600000;54314,9999200
2010;1;11;1;190;141090;1694166602,1300000;121929,9997600
2010;1;11;2;190;110637;934534133,1800000;98749,0002400
2010;1;14;1;190;96624;1017100562,7800000;88159,0000400
2010;1;14;2;190;96503;782318344,5300000;88444,0001400
2010;1;18;1;190;106106;1154239165,1800000;96657,0000200
2010;1;18;2;190;106276;888554691,4200000;97029,0000400
2010;1;21;1;190;60404;678129580,4900000;54463,0001100
2010;1;21;2;190;53613;416735579,2700000;49037,0000100
2010;1;23;1;190;87268;877769950,6100000;79867,0000500
2010;1;23;2;190;75022;590263994,2500000;68826,9998500
2010;1;29;1;190;149931;1681518719,7900000;135398,9998500
2010;1;29;2;190;142552;1200280570,9000000;128339,9997900
2010;1;41;1;190;214945;2462731451,6500000;193284,0002700
2010;1;41;2;190;207714;1736798450,2900000;188962,0003500
2010;2;22;1;190;34410;390261530,9500000;30167,9997700
2010;2;22;2;190;28303;239390594,3400000;24767,9999500
2010;2;44;1;190;23583;273389785,4000000;20751,9999000
2010;2;44;2;190;18694;155845291,3900000;16510,9997000
2010;2;50;1;190;130901;1774022999,9900000;114797,0002900
2010;2;50;2;190;117827;1062810421,2600000;104322,9997100
2010;3;33;1;190;232704;3078097801,3700000;166138,0005600
2010;3;33;2;190;180003;1556348593,7400000;147032,0018300
2010;4;7;1;190;103869;1174078102,6100000;92663,9998400
2010;4;7;2;190;107163;886926910,6500000;96615,0000900
2010;5;35;1;190;93259;1055958883,2500000;84521,9996400
2010;5;35;2;190;83090;707689015,6100000;76072,0002700
2010;5;38;1;190;83733;914435544,9100000;75336,0002000
2010;5;38;2;190;77427;652862395,0300000;70861,0002900
2010;6;39;1;190;85988;1102530038,8000000;72729,9996700
2010;6;39;2;190;80411;689710974,7200000;68786,0005500
2010;7;5;1;190;27509;282724133,2900000;24188,9999300
2010;7;5;2;190;20506;168240507,6400000;18081,9999500
2010;7;9;1;190;55586;708782912,6300000;48807,0002000
2010;7;9;2;190;48798;424734008,3500000;43110,0001600
2010;7;24;1;190;84584;1073401343,7900000;74952,0000500
2010;7;24;2;190;76888;684851651,6000000;69114,0001400
2010;7;34;1;190;27909;322376188,7100000;24050,9999500
2010;7;34;2;190;23208;201745143,2000000;20495,0000600
2010;7;37;1;190;53119;596788977,6600000;46821,9999400
2010;7;37;2;190;43963;385761740,1000000;38980,9999700
2010;7;40;1;190;22587;252274146,5500000;19938,0001900
2010;7;40;2;190;18360;157399473,0100000;16168,0000300
2010;7;42;1;190;15557;165801516,5700000;13551,9998900
2010;7;42;2;190;12820;110122394,3900000;11239,0000600
2010;7;47;1;190;77545;1004300328,4200000;66099,0000800
2010;7;47;2;190;59341;533386174,2100000;51902,9999800
2010;7;49;1;190;34062;353428960,4900000;30690,9999600
2010;7;49;2;190;27425;228429909,7700000;24690,9999500
2010;8;2;1;190;49206;502575810,9200000;45019,9999000
2010;8;2;2;190;37449;299162782,2900000;33825,0000100
2010;8;13;1;190;69960;749731706,7100000;63527,9999300
2010;8;13;2;190;50454;409826564,8900000;45518,0001300
2010;8;16;1;190;31762;313286289,5500000;29190,9998200
2010;8;16;2;190;22358;178642087,9300000;20131,0000000
2010;8;19;1;190;28397;332639207,0200000;24907,9999800
2010;8;19;2;190;21294;176190838,7600000;18682,0000100
2010;8;45;1;190;79991;816533772,0600000;72843,0001100
2010;8;45;2;190;57390;442522572,9600000;52199,9999600
2010;9;8;1;190;696643;9264766079,1300000;602631,0002400
2010;9;8;2;190;780656;6732118244,4200000;664563,9994400
2010;9;17;1;190;83082;941715892,0600000;73185,9998900
2010;9;17;2;190;90616;737528054,2100000;77615,0003400
2010;9;25;1;190;58719;603358076,3900000;50147,0000900
2010;9;25;2;190;62776;458516096,5900000;50247,0000900
2010;9;43;1;190;97647;1132589495,3200000;83688,9999300
2010;9;43;2;190;99319;743652290,4900000;80675,9995700
2010;10;3;1;190;179405;1922623490,7800000;161627,0000700
2010;10;3;2;190;171992;1368848411,9300000;153939,0002300
2010;10;12;1;190;70892;790092217,0700000;64204,9998800
2010;10;12;2;190;69655;563512163,3100000;62946,9997700
2010;10;46;1;190;313553;3594906431,6500000;277300,0000900
2010;10;46;2;190;298843;2477357956,3700000;266030,9998800
2010;11;6;1;190;84574;831493953,9900000;77785,9999700
2010;11;6;2;190;68724;544057645,6800000;62278,0000100
2010;11;10;1;190;57493;588394416,4500000;52784,0000700
2010;11;10;2;190;49428;404020785,5100000;44925,9999800
2010;12;15;1;190;174053;1907633962,4100000;147928,0000800
2010;12;15;2;190;170462;1369712069,1500000;151485,0000700
2010;12;27;1;190;61202;605756378,8600000;55548,9995900
2010;12;27;2;190;67166;545424521,6100000;61744,9998200
2010;12;32;1;190;56546;537208936,4000000;51480,0000400
2010;12;32;2;190;60127;480525859,7600000;55091,0002100
2010;12;36;1;190;127379;1400760049,5400000;114907,0000600
2010;12;36;2;190;135105;1070696365,1400000;121113,9999400
2010;13;28;1;190;688456;9980686777,2800000;574584,9993300
2010;13;28;2;190;688648;6656376084,0600000;583300,9997300
2010;14;30;1;190;156133;1619562240,7000000;138301,0002500
2010;14;30;2;190;147066;1137070331,5700000;130921,0001500
2010;17;26;1;190;44231;504467420,1100000;38501,0001200
2010;17;26;2;190;38882;325346192,0400000;33703,9999900
2010;77;99;1;190;11065;162641232,3800000;9653,0001000
2010;77;99;2;190;10771;101481183,4100000;9444,0001200
2009;1;4;1;190;58578;556773029,8000000;53614,0000700
2009;1;4;2;190;59515;433123749,9300000;53895,9998700
2009;1;11;1;190;140243;1596423191,9700000;119091,9997300
2009;1;11;2;190;109609;890839366,8900000;97735,0003700
2009;1;14;1;190;96777;980814223,7300000;87945,0004000
2009;1;14;2;190;96486;755068522,7900000;88491,9999700
2009;1;18;1;190;104889;1107707524,6800000;95582,9998800
2009;1;18;2;190;105259;856272147,2500000;96322,0000700
2009;1;21;1;190;59889;653895945,3900000;54035,0001000
2009;1;21;2;190;53242;399812914,1400000;48760,0000100
2009;1;23;1;190;87303;854046266,7900000;79835,0000600
2009;1;23;2;190;74391;563257973,2600000;68267,9999800
2009;1;29;1;190;147246;1606205962,2900000;132337,9999200
2009;1;29;2;190;141296;1151609676,0800000;127302,0001800
2009;1;41;1;190;213423;2365960806,9200000;191310,0001200
2009;1;41;2;190;207106;1668323834,5300000;188587,9997200
2009;2;22;1;190;34432;371345302,5100000;30083,0000600
2009;2;22;2;190;28048;228081430,9200000;24510,9998600
2009;2;44;1;190;23842;264347433,5200000;20890,0000000
2009;2;44;2;190;18712;150134910,2300000;16541,9997500
2009;2;50;1;190;130112;1691948017,5600000;113831,9992200
2009;2;50;2;190;116583;1018436230,9500000;103286,0001300
2009;3;33;1;190;254236;2996274120,1300000;165674,0164600
2009;3;33;2;190;186307;1503923482,4600000;147095,9912300
2009;4;7;1;190;102635;1123002625,3500000;91522,9995600
2009;4;7;2;190;106724;855136376,4600000;96324,0003700
2009;5;35;1;190;92517;1006888355,2900000;83544,9998500
2009;5;35;2;190;82916;677392783,8700000;75877,0000000
2009;5;38;1;190;82687;864074818,0500000;74114,9999200
2009;5;38;2;190;77083;624495889,3300000;70671,0000200
2009;6;39;1;190;87429;1064642329,3800000;72232,9999700
2009;6;39;2;190;81255;666315430,0000000;68774,0002800
2009;7;5;1;190;27831;273014470,3900000;24251,9998600
2009;7;5;2;190;20386;161690594,3600000;17962,9999200
2009;7;9;1;190;55740;682278886,1700000;48589,0001100
2009;7;9;2;190;48576;409955502,0400000;42954,0000400
2009;7;24;1;190;84762;1040884006,9900000;74931,0002000
2009;7;24;2;190;76732;662691551,4100000;69117,9996700
2009;7;34;1;190;27929;312082566,7600000;23864,0000900
2009;7;34;2;190;23066;195115665,3600000;20389,0001200
2009;7;37;1;190;53072;578451834,7900000;46526,9999500
2009;7;37;2;190;43688;370395426,5100000;38579,9998300
2009;7;40;1;190;22451;243046151,7100000;19858,9998500
2009;7;40;2;190;18150;150336298,2200000;15970,0001300
2009;7;42;1;190;15520;160855811,5600000;13521,9998200
2009;7;42;2;190;12773;106117524,6300000;11210,9998800
2009;7;47;1;190;76624;954390168,1700000;64451,0000000
2009;7;47;2;190;57561;503201850,2500000;50522,9997600
2009;7;49;1;190;34311;345507944,2000000;30849,0000000
2009;7;49;2;190;27358;220504505,7200000;24641,0000900
2009;8;2;1;190;48729;484110507,4100000;44585,9999500
2009;8;2;2;190;37005;285469186,7700000;33467,9999100
2009;8;13;1;190;69724;729735884,5700000;62961,0000800
2009;8;13;2;190;49923;391056979,1200000;44933,0000100
2009;8;16;1;190;32083;303222642,6300000;29353,9998300
2009;8;16;2;190;22263;172007313,2300000;19978,9999200
2009;8;19;1;190;28074;319302728,2000000;24537,9995900
2009;8;19;2;190;20964;167151469,5400000;18386,9999500
2009;8;45;1;190;78767;772868542,4100000;71544,0000400
2009;8;45;2;190;56729;422310231,2400000;51586,9997800
2009;9;8;1;190;689136;8803235215,9700000;593492,9998700
2009;9;8;2;190;728333;6402484282,6700000;657753,0005900
2009;9;17;1;190;81861;900012791,2600000;72156,0002700
2009;9;17;2;190;84905;704388606,4000000;77035,9998900
2009;9;25;1;190;58934;578827023,5000000;49866,0000700
2009;9;25;2;190;56118;435842467,7800000;50140,0002500
2009;9;43;1;190;96323;1084775447,6600000;82488,0001700
2009;9;43;2;190;89785;701455166,0100000;79792,0003300
2009;10;3;1;190;175143;1835206210,2600000;157235,0001900
2009;10;3;2;190;169671;1314144603,4500000;151854,0003500
2009;10;12;1;190;70516;755319258,8700000;63815,9998500
2009;10;12;2;190;69817;546735593,9800000;63056,0000300
2009;10;46;1;190;311029;3421809614,5800000;273115,0001700
2009;10;46;2;190;297386;2380191736,5300000;264702,9992500
2009;11;6;1;190;84259;799425453,2800000;77308,9999500
2009;11;6;2;190;68194;519614527,7800000;61810,9998800
2009;11;10;1;190;57615;570523047,0300000;52680,9999800
2009;11;10;2;190;48976;386538070,8400000;44569,9999400
2009;12;15;1;190;176971;1833403079,0100000;147123,9994300
2009;12;15;2;190;170767;1319404626,9800000;151430,9999000
2009;12;27;1;190;62081;591620384,3400000;56079,0000200
2009;12;27;2;190;67897;536032227,0000000;62375,9998200
2009;12;32;1;190;56974;520711199,1900000;51750,0000800
2009;12;32;2;190;60646;470369398,6900000;55585,0000600
2009;12;36;1;190;126157;1341152843,4800000;113810,0001200
2009;12;36;2;190;134801;1028930650,0900000;121161,9998300
2009;13;28;1;190;681966;9473981632,2900000;561762,0008800
2009;13;28;2;190;682315;6347255644,5500000;575152,9999000
2009;14;30;1;190;150835;1535563376,8400000;131894,9997000
2009;14;30;2;190;141664;1082794722,9000000;127184,0000400
2009;17;26;1;190;44046;480339150,2300000;38114,0002100
2009;17;26;2;190;38497;311641930,4200000;33390,0001000
2009;77;99;1;190;10951;157420648,9800000;9469,9999100
2009;77;99;2;190;10737;97789396,9300000;9425,9999700
